unique_id_l,unique_id_r,label,weight
426a1d8562ebb8ec661d1b7c,ac8575910327367b7a4ec950,0,584.7070063694267
0a068abfeae0843f97eec03a,a0662be020a12549ce34e270,0,584.7070063694267
c9186de6da8d010a62585cff,b87576ed95145b51ede2e6f2,0,584.7070063694267
32b4d9ccf20365e7468b423f,39f3231c3117be4d6497529c,0,584.7070063694267
2074b779a8243500350e538d,09b3083f32b048d16f6910a7,0,584.7070063694267
079617ddbbf04b59f2507428,d515bce61da321873cca5474,0,584.7070063694267
f53002b930e29261613a6d9d,08b11ede8857e2c97d9120a0,0,584.7070063694267
a157e18898512d285dd1c1ca,b915c1bf335cdf14693adf7b,0,584.7070063694267
d2b8fed24273a6b6044c70a4,095d9b655a7247e240e9e255,0,584.7070063694267
95a4d8d8fe49ff1a2657e8c5,2035b4b81e0df8d3c193c2f7,0,584.7070063694267
021da7fd14b631985432b30b,2aa33d142efb69d0ee03105a,0,584.7070063694267
bebd0c7e242bb86b86f97e9c,45b00639bbce702ca04667d4,0,584.7070063694267
19c0fc990fe8f73573f29fa1,76c6fc970b3609a48e613bb8,0,584.7070063694267
8d33b404ff84d9d1202f4ac1,75c9f644c456db00899349ba,0,584.7070063694267
2a136c5e566a98bc02e75eb9,f483a01df8a74ff39e6ba0c5,0,584.7070063694267
d0307d09daa7e3b867ef2a95,8611af882e9423a146c4368e,0,584.7070063694267
15814072ad28a28e7490a530,60dc54baccf4825df294b664,0,584.7070063694267
40faeaff4e2fff7a9f8a87c3,ea82ae7851d4efb474a63cc4,0,584.7070063694267
9a8305750044cd735a7e2baf,6eda1e388dfde226aa156cdc,0,584.7070063694267
f6921c6b0d007f1b113f0a35,d4c607568e551c08282bb3bd,0,584.7070063694267
0ca43c1490dd9b9269309ab1,1d6bed462217947ae5f157f2,0,584.7070063694267
ad9db85ff3f885fc4a3272f1,fdd57640c7441fc03297f8b2,0,584.7070063694267
546bc79e0f132d871b723161,312bdf9a730f77c136ed94a5,0,584.7070063694267
d1e168d61699834f8860535c,4a807b3d1f8e50182d3132ee,0,584.7070063694267
eee87a8de4fbe7961b4c82f4,10b1acdddb5f64542261e5cf,0,584.7070063694267
b17dfb99820fd437ab1e5caf,f95566af4f09ed57bea5898c,0,584.7070063694267
8127a023f4e31e09fc3118dc,788a52927cc7575d2c4226e6,0,584.7070063694267
c5cc0ffcdb76d46d40d77625,9fc5499ff6fe2b668e6b112c,0,584.7070063694267
87ebeab61d4fb4a099133b95,bfc0420569e2c89189e8e61e,0,584.7070063694267
7e7282e33007b09a54ca2670,640a72003f2056e26c3098fb,0,584.7070063694267
3ad89bff05424df83881b15a,1b9359faad730bfbc786142d,0,584.7070063694267
0761dd9d9cd3deaef19e031a,acf76090058318ea851b84a3,0,584.7070063694267
25224b815f5899286e0de22a,612c3ef19bbf6dce5d282a55,0,584.7070063694267
73213994208557d126aca7ca,85a52b82cb89879f8fd87790,0,584.7070063694267
84ceaa3e410bcc3d0792d016,49d444085ce599e4cee7e9b9,0,584.7070063694267
eac6ead178a06b061376f682,41952d11ff0c0d6d17f0a3c4,0,584.7070063694267
58b8a506505a3afcd39523dd,236243aaa507b01230e3c298,0,584.7070063694267
138f12fe0c461b36fee9bac4,0932c1dcf6a4224c2561a5e9,0,584.7070063694267
bc89dd170cd693f1cc10fe5a,9b1f34107df676dec7ddee29,0,584.7070063694267
0d774c750ebb63272c7f28bb,e15697ac22a9d8cc2768da13,0,584.7070063694267
f020ac8ff9dd2124a67b2377,d7ba9653c3328fe19a09a0fb,0,584.7070063694267
6ee2ec43dbc14e67fec72240,6d9de9ae12dffefcfe602799,0,584.7070063694267
b32feab42e17ad9878cb8ec6,7a8f8fbe734fa86a3a6bc5de,0,584.7070063694267
adcebdae28173ad779faa852,835a0f6027e5ec82083492d8,0,584.7070063694267
ac1b103a703d157c09dafd9a,4a42d6d87a9f7c3756d52f53,0,584.7070063694267
e98642a2bc3ac4cfedda81f0,a494f795bbb530637287c8de,0,584.7070063694267
efd869702cd240902043d2fc,a2df8dfb182343a8957e67ab,0,584.7070063694267
aa142744098c737d79b7ef15,4398f8a4f85d644d930dea2d,0,584.7070063694267
d713e730d1cfdf773d84ee98,8f70c55d314ff3d7557fbabd,0,584.7070063694267
49fcee25bdc28d4b1758353e,b4542d82a20233021b1b41cc,0,584.7070063694267
435993dab4dd3b1b24073405,557529abfd44585a76d03105,0,584.7070063694267
50df9b757b9e269d301f2045,21e8bec652f04deb3ee3b535,0,584.7070063694267
bebd0c7e242bb86b86f97e9c,f544266f9a48fe7e6d7a7e1f,0,584.7070063694267
4b4bbab6d497e8db77a32460,76ae8c23789255468e7c8ebb,0,584.7070063694267
4bb04093fc130dd4f952e716,b627e0022316631b97abb99e,0,584.7070063694267
11fff270ce8c6438469da870,57e0e9d719c55a9085b63e02,0,584.7070063694267
59192e5f90b156300b96bc65,8d4fff617e6312d1aaa80a88,0,584.7070063694267
64e6ab5f6c8795f7458cad18,31697214e6a9d39b2fe07be7,0,584.7070063694267
fed548f8cecce5b613a3be6d,7f5e1a0b7202f72814f2c7f3,0,584.7070063694267
087bcc4de7d38b62accf04c1,1714a1f60b5212975ec55349,0,584.7070063694267
a5d8d09cfae4bc36b56778f0,9b1f34107df676dec7ddee29,0,584.7070063694267
9e9e273e9dd29380ae517d83,cfe38fc4f2be4a1137de7695,0,584.7070063694267
730085c97082784a6ca0e562,b03c5368072b01c5af000aa3,0,584.7070063694267
bc89dd170cd693f1cc10fe5a,50259c65d883e027b192c2c6,0,584.7070063694267
087d6e4c2ba1b199c72a9cb3,4e4f9350460c0a472a69b9ec,0,584.7070063694267
f68d4460ba6c8ebcb8465a14,807f47b41f5b7cc65c0de80b,0,584.7070063694267
817e39f169fb6b97364d46bf,43f6cad72901a021601544d4,0,584.7070063694267
bae2163b58e5e8a314537b5c,b551be56a5cd3ab24c82b3a7,0,584.7070063694267
a0a7250a1735e0c4cd7cea2c,0393afe289e5dc2979b1e9f3,0,584.7070063694267
d5629024d96a6856d7093be7,e30e39875770717c48af6614,0,584.7070063694267
ca61755b629da3e27216209d,d78eeeda43d32e9a31a9b041,0,584.7070063694267
de664e1e335dde329963d5b4,80a5195b540cff2ac11d0215,0,584.7070063694267
513179e45417cd38ce682595,71023fab4c7364ec661aba00,0,584.7070063694267
74ef7182d170ea05703365ae,1bba880832c44fb31557add3,0,584.7070063694267
0c6500c11ff9d7a595d16054,d534ed08440c5a38247ece18,0,584.7070063694267
a3323ced792ff2b8da410da7,927ae3943be3e458d12970ed,0,584.7070063694267
431ac914c551d17e5c7a4034,2c2cbc5c1c97c468d553126f,0,584.7070063694267
f57f39de53c8f75b5603ef8d,ea64bd8194b0205ab38e50c1,0,584.7070063694267
1c921e870f1082931365147d,31697214e6a9d39b2fe07be7,0,584.7070063694267
c11ce6288caa89ff70d93ec2,d7c4c3bbf378425943cf2170,0,584.7070063694267
9630270f0886e7e0854da8be,6b64f35cee5b8c6071dd42e1,0,584.7070063694267
9f0b5029fdf1679852e2e319,d20e32ae3560a8d797850c59,0,584.7070063694267
740baf30b003b9763fa235b8,d8ba910994123661f5ddba60,0,584.7070063694267
0761dd9d9cd3deaef19e031a,1e63e1da7a43f30323a77a77,0,584.7070063694267
d399bec0b3fd3bc8cb2559ab,d05f3b5b8189555b328254f8,0,584.7070063694267
60625f29e435447e6abb07d4,33a46ac87485dab6b5b17147,0,584.7070063694267
b8df5193e651bc2e59bba325,aa5858cef0f60c52c5b866f9,0,584.7070063694267
0e92d0590f0fd0dd7b92fd57,b8a9b7fcdb5c3d696109f70d,0,584.7070063694267
dba0458ae953cd1a94296789,3716f3141a28e77975e24651,0,584.7070063694267
c7970395d423ab24e1306f2f,94b63ff6f841c80243f9e9e1,0,584.7070063694267
23814ed13479044950cb70d2,3abcad2acffbc71a6239d9c8,0,584.7070063694267
6d7bbdaf2de5274305759a82,8e665845d45ee143886a04a1,0,584.7070063694267
6538eb5dfcc0bf76eb4fb3c6,85d07be773b783b57566bb2e,0,584.7070063694267
1c2f58499dac7825cc8dc661,801dd17bf9ca22640db45d2c,0,584.7070063694267
dca3e7694a817c0c6ac440a5,cbd77ef5b3a15c375ee3d6ce,0,584.7070063694267
f8157f8fb23b5f92e28bee23,9018d6242cc0774021d2234f,0,584.7070063694267
a313d9c66c643805320126a6,76c6fc970b3609a48e613bb8,0,584.7070063694267
7573968f1e464e32a1387a04,2613269e29c3d590ee9f26b7,0,584.7070063694267
c5dccf270c6aaa122645b722,b49398d6c1469df3a5d38bc7,0,584.7070063694267
b1f67cfdfebbe47481152f0a,296e304f2597bbe68ea3a18a,0,584.7070063694267
d7b6703c99d3bf2848bd96a0,92680818923afb91c65f4fcc,0,584.7070063694267
93c7fac2b958f1d082ccc092,8861f9ca0f0437a20cf5f2d0,0,584.7070063694267
ef6f1d447b694323d3f3fe2f,588eb16a713e2b72018ad0cb,0,584.7070063694267
3abbe96541a0536b484f7e9e,80a5195b540cff2ac11d0215,0,584.7070063694267
0a5db500c5a9f5ba22f2a7dc,5dad6fdd407fd63f63b24893,0,584.7070063694267
7f6223f049409a3b767aebba,939929088095adbd15cee6cd,0,584.7070063694267
40986631e758f54bc216165b,e589091ae7ecf1c58dc2de77,0,584.7070063694267
f677ff076dcb857dbd569099,1b68377d5cdbc55afe174acf,0,584.7070063694267
66bed41bdd660a84ac10ee99,3cd0b14ed0856dfd01de83ea,0,584.7070063694267
216107023e0596b81e646011,183620d2ed6026767521bf80,0,584.7070063694267
12ed24f8b17de4d614785fd8,d6f781cee1bfeedfa5f2acc0,0,584.7070063694267
f93a1e00e5651906e4438872,69d7a905e1bed3a0184a4f02,0,584.7070063694267
6ee7daa00754e8bf05b78ffd,4a67484cbbd4dbca2c1a48aa,0,584.7070063694267
69617bbb58d5f6a67e45a53e,fdb2c4f0075571c33e57a819,0,584.7070063694267
67c551dc4e42718dd1ecc7bd,e67e6fdea23daef1ceb093d5,0,584.7070063694267
644ea8190540971d0ee6952f,7dabc33658964416d69ac7bd,0,584.7070063694267
1a54c6a5e1f3889d0bc9afa6,7989f7bfa7ef24f27ade7406,0,584.7070063694267
681b56ead2eae7cc44efe1d8,4e0d23b882f48b3eb0a4fbd4,0,584.7070063694267
cee65f84e219af72088b4da0,b7fbf5747df0be3debfd31f5,0,584.7070063694267
12c9e902d4f0f78884eafa3e,d5e411fa5a497f725a8b3d0c,0,584.7070063694267
8b8064c63a370bb0dbfd63b4,7586b8398129f5bedfd87be0,0,584.7070063694267
ff7c644f122be0c1191e8707,dc6ec4da8809becb263ab5e8,0,584.7070063694267
16ddafc8189d5c17d0d797e9,9caf0262e8493effb5461342,0,584.7070063694267
b0b804b2e207094d459025f7,47851df6511a208d06ae5d31,0,584.7070063694267
de4b533f98eacd65fe41f011,9d104988d3a99f19a9e4f96b,0,584.7070063694267
ea35e9af60725e35a81b84ce,62d5e15e3852f7b106a23ce3,0,584.7070063694267
caffffaaed86d9617b67b199,a45775c2b5f39df51c8801d3,0,584.7070063694267
c7cc6321c389f57fb3b0d67f,549096d50a4aad594895d6a9,0,584.7070063694267
b88c07fd2d6be01ca31732be,f395d404561abd3bcc4e22b8,0,584.7070063694267
c9443fc054b62e2992d99332,fd46e97ae683893ed4ffc874,0,584.7070063694267
9d38bf07bb39f78cba540937,f3c8d7dfb17e783d824563b3,0,584.7070063694267
a313d9c66c643805320126a6,6b64f35cee5b8c6071dd42e1,0,584.7070063694267
7daca7e99d9af98a0806d4e3,df613abe5c4f5491096a3086,0,584.7070063694267
69a4205733ea28b5fa7fc0d8,fb58e8aacd38eb9199ec578f,0,584.7070063694267
0f089f764f3ba6c5fb803ed4,40e4cca233ca6cde14471434,0,584.7070063694267
1baf36fd28f14d53da7e8d79,e0f2f764c75bd5c395ed5ea5,0,584.7070063694267
d7c125672b0d51c6a362e0de,578cd438f0dd028324c66203,0,584.7070063694267
c0d9ddc092da98ec02956b14,00326e736d8dcee43a6e5526,0,584.7070063694267
5a3ec9ab6453d1ec01bb1788,9798a23a387407e014a61293,0,584.7070063694267
4a3a33ef066be5e95bd0a864,57e0e9d719c55a9085b63e02,0,584.7070063694267
3014c38dc69984c2083412a3,e7f0a7633138dae4cf4f25a8,0,584.7070063694267
31be95df119b29a41447375d,d67637d695cf69f5b9712aee,0,584.7070063694267
ad057903feded39030b83da8,549096d50a4aad594895d6a9,0,584.7070063694267
a043dd9f6cb35170965ca91c,16f63a8c77fbf23018f335f6,0,584.7070063694267
cff8573772bde8b93d399615,4981934be557484617c20c74,0,584.7070063694267
4b7ac2bca580f0ade37f1996,67957b5aea89658daf273d04,0,584.7070063694267
b5c3d7fecfc8c0368576eb93,4d77a6ed56ae815b0c37a157,0,584.7070063694267
7a467f034aff6249a6d8e631,70ed9303c5398348fc37bacb,0,584.7070063694267
c201f7536c93b44401c33561,6a0a6077d69a7fa57d5fb380,0,584.7070063694267
97a83cd2ef3a6dd44c9b7c69,c65163da80abf8226bc73cab,0,584.7070063694267
c2e77303afe4aaea17fdfd06,4010f4e76520b6795f71e786,0,584.7070063694267
0ee3b4161b5dcadde2ad1f82,610d60c725262fb4467d69a7,0,584.7070063694267
45c86c06cc7333c4b7893d35,5c16f2a24fe40cb844fde192,0,584.7070063694267
5361da40b692585e08f10758,50474c7f6ab9af8310a132a1,0,584.7070063694267
66bed41bdd660a84ac10ee99,46d073ec9813e23208a88cd1,0,584.7070063694267
03d4e2494899d1bef0dc935e,3b2f0c9d2ab1fc9b37434040,0,584.7070063694267
390516834314ccd0770f8e79,87feb546e679d2bd988abcaf,0,584.7070063694267
51a8b510ea737c6c83ee5fd5,375fb72ab5eaf8cfce26d222,0,1.0
adcebdae28173ad779faa852,29d5c405e268dda484484004,0,1.0
51f31bcb29530e1d3c26a88e,66f348d08a80ae61cd4b0e25,0,1.0
a231f76dbcfb2aada9346fdc,440e3834a4031d499ce73f32,0,1.0
07362f3b42f676e350cc7619,2073fe07e54776ba2c330244,0,1.0
1a8e79645c8a36f4164a6db0,09c146bfb3d663060054b7f2,0,1.0
26425abe8882fac8867ba3c8,7e55f92c313acfadf6fe20e1,0,1.0
38b19b7f903444d5155a51a8,a7841b0655a532be2a533bdf,0,1.0
8320613e14d6ef167adc345c,ce9664616ce749e428514a5b,0,1.0
d166a6d427480d425d6f5c78,440e3834a4031d499ce73f32,0,1.0
3ed686c91be6ec282be62787,c6ecf1be55d959aeadf85e64,0,1.0
4d54d6941d0bfdd34fd3f6c0,1e93d5325c7d47fee8a6aa31,0,1.0
311da7b4e70d634c9211546a,50474c7f6ab9af8310a132a1,0,1.0
f678a9d2e64fac59d54f4277,b2ecbac80d7b7d1c67e0db5f,0,1.0
f3b5fb197d859ad6d4e3e1d0,e93ec562b8e5d63d16f0a77f,0,1.0
10917f8e27a856790e82b9d0,4c0d806f2007676b879a1e12,0,1.0
5361da40b692585e08f10758,57e0e9d719c55a9085b63e02,0,1.0
4d287c25244f896414efdb33,104658fcd8c9617bed3d760e,0,1.0
66f2cf91f37f4dcc74e38f3b,c2d0471f547a4ea6d262fa1b,0,1.0
1b5df8f6141e12e8dee089d5,80a5195b540cff2ac11d0215,0,1.0
53cb9be21e4ea8cdb28e8ba5,63a47bbfc1d03ce3a42fb231,0,1.0
20609c50ce66e87766492bcc,759554ab8ce2aecc3cdef890,1,1.0
533fd828a8b0d418be933627,b96f59f635290469da218541,1,1.0
b854f998fb50e8f368b25a11,2a4d3c3a85bc79682f4b6985,0,1.0
5883bfd4d88cd6509470b457,a7714cc0a0e44a731d6b2f91,1,1.0
c0ca0ce03c7f622438a250bd,35a8c2f8f9f0020a9dc447f3,0,1.0
c5b8d698238d8105af39195b,b1fe5b393dae6c9015251989,0,1.0
c97014c81fddd4f5e638f201,677ac6aec9898606b68f60de,0,1.0
3bdb53362d3e973d72a41aaf,e180c02e2bc27637f9fe010a,0,1.0
911f982b1df230a8c6b94a48,41823f9076a88776f8d229b4,0,1.0
e058ea19daa6ea5205324b24,107a02bdf67ecd2342d315c1,0,1.0
052ea7909ace65863b00fbb4,d7b02b75eed8000009db38be,0,1.0
f84d04e5b70b0aa74bad00f8,79472e7044b5400fadaaf170,0,1.0
7c23a9628f2b121943747d2d,15e300f03abdd9eebb99c7e5,0,1.0
0e187ff171fec2598e30c264,b87c7475f0b39335181a5687,0,1.0
2ab2a77c990568bdd5ecdd3a,c572dbaabeb7b8fcbcc725dd,0,1.0
4810d7e429f0cf368ddf0766,68731f33cf7f234bedb63821,0,1.0
9e95eba2d41296bce1de25fb,820eb541b8a26bb6305c610a,0,1.0
53cb9be21e4ea8cdb28e8ba5,eb94ac548600c1867cd59bc3,0,1.0
515ebc5d348c48dd2ddd1142,dac89a75edc341c11098925b,0,1.0
4d54d6941d0bfdd34fd3f6c0,b682ab2128cd79deda88b0e8,0,1.0
f5a6892eb00932622df6bb10,ae510f302f38259022f82ab4,1,1.0
6341725665de6cb8ad0f92a5,4a635e03a9632a2742384f87,1,1.0
7bc7f8f60e9a9fa7c1508825,13a9cbc5aa7a6406e575806a,1,1.0
d162b67f0472a26dcb253017,15eaecdb225379cf1d462d9b,1,1.0
2362a6df1ab09405796d3619,4c3ceeb4e8c0413db0d72340,1,1.0
fd9669948bac16fcf2fe347e,acd82ca4128ffafdf5409ddb,1,1.0
6d007d9fec5db01a1b572ea0,db1c2deafa4af0bef3485fba,1,1.0
82721f23912aacaa32347dcd,58bc3dfddd19153f0c8e2f67,1,1.0
ac7b6cad9a154592811681f6,350e861b867d53f28daefcac,1,1.0
d87570fa23483aaee0129737,ed8f9102f5f7512ee17ce8da,1,1.0
ab4816a38bbc0cfb3592bfdd,0d232ed76a606104f6c93e82,1,1.0
786159d56fc7b915587448a4,a1879e8f2dca1f138545b9cd,1,1.0
072323599ade086b9ab3a036,c0e3938941c2e5f2c1e97dff,1,1.0
52c288eec06f425b1c074cc8,8bd38c89c580560070ef4c46,1,1.0
a157e18898512d285dd1c1ca,820eb541b8a26bb6305c610a,1,1.0
87c1f5f6fc04453bcada8c95,ab1e7127be14195e5d2cc25d,1,1.0
4a39aa3387580626b966f449,07eebfab20626c5b93a4bfd4,1,1.0
f3e0b39c89015c5df4122262,f4e4c6d4ab22176a4f27e0f8,1,1.0
1bbfba3a8f5f7f53357a5956,b1d1f10ecf6a95941d7d914a,1,1.0
929f4afdc9234f0057a41d18,449292dd30a35ea17c6a4e66,1,1.0
2d51cb815bdba01eca701c6b,e5983cab2f74357e471ab7b6,1,1.0
03e1717c75d31dbfcf6d310a,3789e869487c3615d4f876d6,1,1.0
ad4daf3e36ab66a523fb5869,40cd7cc87751a1ac13a00937,1,1.0
08b9894e18cf7c5a76151f18,551894bbddfdb1d8dcd743cb,1,1.0
1c921e870f1082931365147d,9805b88f73bd8c14dc0cb769,1,1.0
c42175c4bb9b58a37deeea24,71f5654d2a3ac214b042f073,1,1.0
c37d0fa1d6a77517daaf9eda,8601e6df4573be977f688bce,1,1.0
96511b4d611270bd8b204145,c526bf0fce14727db12bcb61,1,1.0
378726168f85183f6c6a862c,eeb540336b93ca84a53aa805,1,1.0
780f7b83e54b784de5f2e594,4a25b18aa3a0ec1eb852c029,1,1.0
ac0c13e31e6e4ebe2a6ad0db,a9f101adefd8098ec4316c12,1,1.0
8b8064c63a370bb0dbfd63b4,00b1f9a8db3eb823ae2b7c6d,1,1.0
b84f8628c3f33d7e684a7220,b665e2a4b26172ddee3a1a39,1,1.0
3a0bd4d34901ecc62d32d3e5,6bc2112d6bdf61ce635cc585,1,1.0
ecf6df286db86c82d38a589c,106c27bedf14ea69197d7680,1,1.0
d1fde38377057ce5267ccbc6,e6a31657c98801ee33e75036,1,1.0
21ac6b83a98ac0f88f7188b2,8c34796c19b7c723e3697695,1,1.0
cdacd6664aeeb0c1486e2ef4,07c30d6ac3bedfd49d34b560,1,1.0
555ada5e4f848cc60b580fc6,e19f67f87609509f3258709d,1,1.0
24049c9af255a0b330f3a599,756054636114fcdbd6741220,1,1.0
87455cc74a02cdb897dd0057,e39e7c6a1d34925f5d9f32ed,1,1.0
e60534a4df2777e9c75345cc,5c83590241ee77b61d12802c,1,1.0
a296a825db1a30c00245f4f4,ed9c201278581790924da429,1,1.0
e585493706d7e4f6a9443a36,2213700732f47f2e5468fb03,1,1.0
4a6cb4dae65123d0fd8b9055,2e8cc5ba5b64078e7aec50db,1,1.0
26522eeb33d9278954f45431,39b81dfbeaeaae4b73ba01bd,1,21.898089171974522
899163eef2c09e640df791e5,a1f4ece44cab5623c5d7f18b,1,21.898089171974522
85c9c298dc988e0d0d8d6dc3,da9658d15d61f461fc682f3d,1,21.898089171974522
a52d258e716b76159f30cf82,218dfcf852cc1a8056a3a132,1,21.898089171974522
5aaab8b72fed9aac786eeb57,706ab68088604e4f379bad16,1,21.898089171974522
0bb15d0bfd88e4a01f9f6aea,01a12ca2922174557c586dd9,1,21.898089171974522
273022e54973c1d061f9f9c2,222ad83e95b1a6d18a6580e1,1,21.898089171974522
7d5c540d4a1c0122e4a28a98,b2f8d909db6f09787bcad4be,1,21.898089171974522
35b0f2fbb6b06be644825127,f171f3016b672cb7d254a5be,1,21.898089171974522
ce8cf2b4ec877d86ff20965e,1a491e918bd54f68ade45b4d,1,21.898089171974522
9fc89f161afe3e40a1569e3a,dabec0c732646886d3f15649,1,21.898089171974522
f40d9334f87da051a05114d5,bd1e06ac7a71379724cdc731,1,21.898089171974522
9b69df2be3d124bc480c66c8,104ca105cc3412c227a277e7,1,21.898089171974522
5a5e3622887874cae5ac6e22,d2dabb4e7f6921260b0e079c,1,21.898089171974522
d0030ad7a64b7187df9ddc81,55cdc7be015a9b6d838ee324,1,21.898089171974522
6a1404faf517c2a8e909f990,5baf5ea769606ac315bccde6,1,21.898089171974522
9b3f0138631414e8c26092de,55baa2af010b9f22474c4bd0,1,21.898089171974522
91e2bf015b4072e4d6f21c63,5994f565910bdf8bded296ca,1,21.898089171974522
cd8afa2ff3db1443dd49dff2,92d8f636f88eb739a2c54f76,1,21.898089171974522
453d18ba404b79f05d944f98,0241eb2a4e6588b1fb282635,1,21.898089171974522
de664e1e335dde329963d5b4,db7f7afad61962638a2e8443,1,21.898089171974522
eac6ead178a06b061376f682,395232c14f3e434af5711076,1,21.898089171974522
00837c48c484c5ce1655cf21,4aff5472580083a03d735d86,1,21.898089171974522
dd0572c5c2b4ee5fa8ab2b12,be37c55a5a2afc8654d4f051,1,21.898089171974522
aab871296cc7b1656f3bf81e,b3d1c75b1b78330b83ec4934,1,21.898089171974522
d7099cfc80fca8888fc092ec,cfbd94e2f0da7fc22b7d25d7,1,21.898089171974522
5008a661b195a3f1e73dc303,f0bcce3cd3faa7b873ff4e78,1,21.898089171974522
322a55c8323bfb7c5b7b43e3,4b9fe134f86f8ea1461b467d,1,21.898089171974522
0e9bf0ae1b7d17d131d97add,9ba437ea20690a7b3974155a,1,21.898089171974522
2d2fbaf6b495cf0a794c748f,7afc9379d3a9712c03ea7b44,1,21.898089171974522
bb688910fe991d6a5f8d51d3,147d8c80e8529748b8ed5f37,1,21.898089171974522
0e187ff171fec2598e30c264,e180c02e2bc27637f9fe010a,1,21.898089171974522
203d5bddc622f517865ebf06,20ad8abdae5abd5297a84274,1,21.898089171974522
673d67a9a9ca65c8a0da9016,66c2cee568f46123ca916ccd,1,21.898089171974522
47a0e2bab5faa5dfc5623293,f903a6fa14fe2a920e7f93bf,1,21.898089171974522
d4930a509e22a2aa69e22357,8ff09d8b00516c74e6e9afb1,1,21.898089171974522
2c17f47f0ae0eedc0fde2db7,6024633c8e406510cfcc7d89,1,21.898089171974522
3d57b88072374dc69d381a54,3f9478daef348987ed339c1e,1,21.898089171974522
5c4dc6f3e7c5c9051cc164fd,f49b35f76b71e458e3fc9a7f,1,21.898089171974522
07a09a5b6c473d039db945ae,bce1322dab89182399379bf4,1,21.898089171974522
ff4d5d5576d6ea9f363ded9f,e9bb78939babd3ffef2603c6,1,21.898089171974522
e3df801c070e92e3869f70de,6dffc0526e0be5fb211e696d,1,21.898089171974522
9f86c1ee212db1fb719cf70d,af83d74d92c37ffb718df9f4,1,21.898089171974522
69d4b2b5775cf45a911229c2,d11ce19987c22e882ad75a05,1,21.898089171974522
aa88ad152ed9e95961642e14,35fc9a8699ef89d9eed3dd8c,1,21.898089171974522
2a66453bd33fc6301568d366,099c30434af144ff8a4fe730,1,21.898089171974522
0535f089abc647137d3aa73b,89cbb2d31ce9846af43fd2c3,1,21.898089171974522
60a2544c121ff692963a7e2f,3b39c687860e79ca80ccaec0,1,21.898089171974522
010b0980e5a039b0cb5abbff,8561aa50fe108ab6f5f15f28,1,21.898089171974522
e333498bac60bca650ade13d,a57b85af52605cdb0acaa4c8,1,21.898089171974522
973dc0698e6ab5e9dd2b24b7,03d8862c2b62e309679b23d3,1,21.898089171974522
8ef03b4c12817ab6262e0ae0,012281b589d1cb770dc3d8f3,1,21.898089171974522
d4078893fa4ec45ae3e9fe82,91f1c918674c54d3fcc29d7a,1,21.898089171974522
747d9253204400621c4e0b96,a325c72ad1b24798e9f22b49,1,21.898089171974522
78ddcc041ba77e2dba09dbdc,ac4db8f335417b49710804a3,1,21.898089171974522
fc2ac017a3d77738137eb1ce,af76ab76c18650a6a603a87b,1,21.898089171974522
d5d3563a33aadda0b05da4a6,90c6740f9a57cf14b767cf80,1,21.898089171974522
513179e45417cd38ce682595,edb9c7bd7b00738cce84b3df,1,21.898089171974522
7cc412bc630b43b946bbae85,bfc3eae289522b49ac242381,1,21.898089171974522
30ec793047058a8291701649,79605ed43a817c34dbe91e9b,1,21.898089171974522
7bbf04f537c82347551b93fd,e8160ea6004c54b970ecfc8e,1,21.898089171974522
d0ee2ea620e07862aff25c3e,baeadef3c5f4b53753548ec7,1,21.898089171974522
890ff63ab7a9e5442d94e8d8,497473b485174b3868130c81,1,21.898089171974522
87348f0834b7ff33d80695be,0394ac61a9660d758eb599b2,1,21.898089171974522
b5d84c4adb143f48d28e6821,76ae8c23789255468e7c8ebb,1,21.898089171974522
d85776be76adf1ab200296b0,b96ad8876ed5ff2fdc5c575c,1,21.898089171974522
468e5b2c3e91847b6c5db85d,43fc496e84432aee71e2596c,1,21.898089171974522
c750ab7a1dfdb961b36b06b5,66b1dfb0a6dc290ef1f6866c,1,21.898089171974522
7bae201519c3ae498b2f510f,90066e0ced96845d4177803a,1,21.898089171974522
705700334616df06ca36cb5a,d1a280c89bb69b2fe5ad0874,1,21.898089171974522
87093e7858f34f9b30d7da93,742b480a4190f8d3d3e7a0af,1,21.898089171974522
579db623aacd894a0d7dfcc4,18dc708573bddd99bb7fbd50,1,21.898089171974522
573ff343dd61aedb472bb961,1e1d4f24e39e30f3b4889fe8,1,21.898089171974522
d3a279cfa3a50197a9a62da7,46233594a51d718cae5c1db7,1,21.898089171974522
bd52725f5abc891f953a6d98,107a02bdf67ecd2342d315c1,1,21.898089171974522
86abd75cd5e551f6475aadab,6f18d4911a9a9fc5b7302bc7,1,21.898089171974522
4b7ac2bca580f0ade37f1996,591adf046c18aba49bb8cba5,1,21.898089171974522
438dd66fb7e72c4026d27d13,29884f073fb6f10599ac5bef,1,21.898089171974522
26425abe8882fac8867ba3c8,b649ac75c5f40b65ce9960a5,1,21.898089171974522
b7e5d27fa3e8f3a50377abbf,d9ed5d8ed25dc89cbe6b0bb7,1,21.898089171974522
5640486ee235b529b63e14fd,b202989408e9aa6b0ae18f6c,1,21.898089171974522
188278a1f37d0a6f4d795f9d,76c6fc970b3609a48e613bb8,1,21.898089171974522
a2426bbdff09dff7e3b76369,cba3d56b56c6e15f3da7e643,1,21.898089171974522
855d88a62b9b6495bfa233b5,d730861dfeca1973004e35a3,1,21.898089171974522
05155de694ec7ba893bb2d3a,2d5d184c1f4b84253eed0c6f,1,21.898089171974522
8b222602ad4adf1231cc71b9,e225f2013bc2616d91b3cb18,1,21.898089171974522
3c9535a4dc12f2ddae46d686,02cbf7968a129ad9e12ffa85,1,21.898089171974522
ab6309d440164eebef031aaf,f28b6c2455d87beb27263406,1,21.898089171974522
91b5c4b1d9c767330ead5367,27065b59eaf2856b2f6992e0,1,21.898089171974522
bf62bb504d09c2890551f19e,bf53ad6d61102559444198c8,1,21.898089171974522
1bbc30a60e2f766bfea90bb9,2b9b3c1b20a3f206cae2da97,1,21.898089171974522
c831c916ad144abb4291a799,13227a7e445d835ce2b9f33a,1,21.898089171974522
ec972a0294a7acb164a272d9,9a3f30704c997ec38ff5dded,1,21.898089171974522
a6c74a0cdc51be3c927633fe,341806f593f91e8c9096902b,1,21.898089171974522
ba1d46f0cac5700168664698,3f0b04f5e189532a39bb971f,1,21.898089171974522
5b3129694752e0cd6d906083,db5bd14ee7540a38557c42b6,1,21.898089171974522
ee114a30677a0132b1ecd15b,a64cc61132513b3b5ebf8b5a,1,21.898089171974522
f91ac1e62e40638ecd200ddd,a5349c5c7fb22c005e18865d,1,21.898089171974522
55bfa565fbe69a60f134ea52,97b25699d2734e6c89de1a1d,1,21.898089171974522
d97373d6eedfc72d57fef43c,5b919f5c0c6dd9e916d0deed,1,21.898089171974522
1c556604fad5bb4e9f37cbb4,a1140a94c6d918e2100d9af5,1,21.898089171974522
571acd4fb8d058b2e029dd57,fdf8eca0c710c1019ec5072f,1,21.898089171974522
5280c318210899ebc5fb43ec,2b7189e671d6bc50913a8473,1,21.898089171974522
4bab5c1c486d2da2dd6e1755,8611af882e9423a146c4368e,1,21.898089171974522
0e2f95985a22afe3e978ca30,5901a96b34887df944ffc9ee,1,21.898089171974522
3a465b370db5d45f4f5cf7d2,3bcb1a5354db5cf058df7be8,1,21.898089171974522
368eb34aec4b33d987565c03,19cc8a0737afe6877d57be7a,1,21.898089171974522
a1a5935d5647fa883c758c0b,8c0dbcec25254d802d7a8c25,1,21.898089171974522
9c6685662b800404fd24b82c,b0cd0a94b58f79382074a745,1,21.898089171974522
7f29da6d04ff90a8ccf19bf6,a060e1851727d36ab0f70c32,1,21.898089171974522
16185514e83e369227ac283b,4da87280028d8cb9aac0a8a5,1,21.898089171974522
cff8573772bde8b93d399615,0e23d4236052dd0837242f58,1,21.898089171974522
6ee7daa00754e8bf05b78ffd,d95ba1c11674303ec5c3c3ab,1,21.898089171974522
611106279da2fc22ef487206,74e7312d8f2cd5a4680044e8,1,21.898089171974522
ac3c6aa444f801386303d799,1f395b437ac571e1ae9a43ae,1,21.898089171974522
01e5b89eeec49372505933ba,98495a4e7907a27a754077c2,1,21.898089171974522
6e6829d013f4c54e0a6dbd2a,ec6c1e5db52e50188a296abd,1,21.898089171974522
61807b2a75cefc452216590e,e8c83f7eb2eb51b82e3c917f,1,21.898089171974522
333591f74fbb484508fac399,d7d5ccf9e1abfa2f5103832e,1,21.898089171974522
bdf1015a2dc222825e16f512,97ee83d5c48470267910ef71,1,21.898089171974522
f77066fff93d135c1e16cc0a,70375c8e0a5b43cb15d82b09,1,21.898089171974522
2d6dfab4994e27f568c38fb9,901be9b132fd0c0018c2a169,1,21.898089171974522
e053e072a74e26c8aa9254e4,1577facf778610252ee4bce6,1,21.898089171974522
71a4718e8038f61f479f17e0,c099169df8bacc7b46ed14df,1,21.898089171974522
728a48aedc20dc7b6bbd364c,5e1cc7aa6abc68e5e3d77cf2,1,21.898089171974522
7221b0981cc2b591b0e035c8,3716f3141a28e77975e24651,1,21.898089171974522
a7b53e119ee3e2df5b197d0c,8f1c91dc44d33b2745514f55,1,21.898089171974522
1b2a8512b10648af49b324a4,ee0abfbeac3daa04c72f4877,1,21.898089171974522
03179ae05e38e49cf55bb456,0d7ce9de87fc00d5c0c81dae,1,21.898089171974522
f93abdf16cbb268d9d78e7e3,fb1501dbf449189c2cc70bdf,1,21.898089171974522
1b32b17b1c27723e0ca6eb5d,d86227da2f16cc17f3ef9399,1,21.898089171974522
208e7c77e5b2596291d762d0,6ba053e0242d999b65952fa2,1,21.898089171974522
3dc3fd66f30f976171c0e474,a81f21188a08fb6c23dbeddb,1,21.898089171974522
4d0b3cf73d27334db907b696,f9b8c751b029983acd6912d3,1,21.898089171974522
f07f1bf8f67272ae45e5b0f9,4bf8f2ad560a2db6ec8be130,1,21.898089171974522
c9186de6da8d010a62585cff,972b8225ae1ac9fa586bb305,1,21.898089171974522
fb62964925bbbe4ebb5be29d,766c1270f1d516b962d79ff1,1,21.898089171974522
a129c5ad8fdbc657a6c4261d,89f7d0f11decf2dec66ebcca,1,21.898089171974522
ef3cc466fa5bb4954a05e36f,9a2e4591f09a407560463a61,1,21.898089171974522
d23f475fb3c4275cd067d375,f10cd17e8be572bae8636c19,1,21.898089171974522
c5cc0ffcdb76d46d40d77625,9c4f0c2d94fc96151fd51333,1,21.898089171974522
b930edd82c567a7a093a3e9c,b868312064856a9328eb25e0,1,21.898089171974522
9ed4ec72ea443b99cd45b489,776f0903ec487b181e678dc8,1,21.898089171974522
c1b45ea182dbfc25223cad86,00c2de3cc2ed7f855883a71d,1,21.898089171974522
18e6446f3611534cfc52b872,eb4e252e51694e020f9cff81,1,21.898089171974522
9c912dcf1a80a202901231bf,7aae46009c3648a32643949a,1,21.898089171974522
45c86c06cc7333c4b7893d35,3e78962670972db6ba63e911,1,21.898089171974522
fe9aca377dd42349339ae42d,2d7aa40a40a37d47dcba4d32,1,21.898089171974522
21bafc358539d0541d6495c8,b7af808c72e3070d98c652d6,1,21.898089171974522
071e784702445cf141a8e4e0,ed6c2e0d34932a467d1a51f2,1,21.898089171974522
bb92b1b6844259a554cba379,0932c1dcf6a4224c2561a5e9,1,21.898089171974522
bb353dd1e636ab9bc7520a22,cdd2466ad600c7d388e10bc6,1,21.898089171974522
45a40e265930147407c9c015,44d5e62455af8e29725b5ee6,1,21.898089171974522
1f28d4917ba51e5b4562e224,e728eb1c71c7fae3c628d90b,1,21.898089171974522
1880f06b10633d27b4c88a26,885fec568b047343cc0add12,1,21.898089171974522
9c39a00fcfbeeee43d09f295,cef5d1d416f77334afbbc4e3,1,21.898089171974522
11f8a7f28a1d4157b881f8ee,cc66a6f8c2c173b6d6a659e6,1,21.898089171974522
