additional_budget,arm,branch,fp_cost,mean_loss,min_loss,max_loss,mean_fp,mean_fn,mean_tp,mean_precision,mean_recall,mean_false_merges,mean_false_splits
0,baseline,baseline,1,2.0,2,2,0.0,2.0,779.0,1.0,0.9974391805377721,0.0,2.0
0,baseline,baseline,2,2.0,2,2,0.0,2.0,779.0,1.0,0.9974391805377721,0.0,2.0
0,baseline,baseline,5,2.0,2,2,0.0,2.0,779.0,1.0,0.9974391805377721,0.0,2.0
100,clusters,ordinary,1,2.0,2,2,0.0,2.0,779.0,1.0,0.997439180537772,0.0,2.0
100,clusters,ordinary,2,2.0,2,2,0.0,2.0,779.0,1.0,0.997439180537772,0.0,2.0
100,clusters,ordinary,5,2.0,2,2,0.0,2.0,779.0,1.0,0.997439180537772,0.0,2.0
100,clusters,repair,1,2.0,2,2,0.0,2.0,779.0,1.0,0.997439180537772,0.0,2.0
100,clusters,repair,2,2.0,2,2,0.0,2.0,779.0,1.0,0.997439180537772,0.0,2.0
100,clusters,repair,5,2.0,2,2,0.0,2.0,779.0,1.0,0.997439180537772,0.0,2.0
100,error_risk,ordinary,1,2.0,2,2,0.0,2.0,779.0,1.0,0.997439180537772,0.0,2.0
100,error_risk,ordinary,2,2.0,2,2,0.0,2.0,779.0,1.0,0.997439180537772,0.0,2.0
100,error_risk,ordinary,5,2.0,2,2,0.0,2.0,779.0,1.0,0.997439180537772,0.0,2.0
100,error_risk,repair,1,2.0,2,2,0.0,2.0,779.0,1.0,0.997439180537772,0.0,2.0
100,error_risk,repair,2,2.0,2,2,0.0,2.0,779.0,1.0,0.997439180537772,0.0,2.0
100,error_risk,repair,5,2.0,2,2,0.0,2.0,779.0,1.0,0.997439180537772,0.0,2.0
100,random,ordinary,1,2.0,2,2,0.0,2.0,779.0,1.0,0.997439180537772,0.0,2.0
100,random,ordinary,2,2.0,2,2,0.0,2.0,779.0,1.0,0.997439180537772,0.0,2.0
100,random,ordinary,5,2.0,2,2,0.0,2.0,779.0,1.0,0.997439180537772,0.0,2.0
100,random,repair,1,2.0,2,2,0.0,2.0,779.0,1.0,0.997439180537772,0.0,2.0
100,random,repair,2,2.0,2,2,0.0,2.0,779.0,1.0,0.997439180537772,0.0,2.0
100,random,repair,5,2.0,2,2,0.0,2.0,779.0,1.0,0.997439180537772,0.0,2.0
100,score_groups,ordinary,1,2.0,2,2,0.0,2.0,779.0,1.0,0.997439180537772,0.0,2.0
100,score_groups,ordinary,2,2.0,2,2,0.0,2.0,779.0,1.0,0.997439180537772,0.0,2.0
100,score_groups,ordinary,5,2.0,2,2,0.0,2.0,779.0,1.0,0.997439180537772,0.0,2.0
100,score_groups,repair,1,2.0,2,2,0.0,2.0,779.0,1.0,0.997439180537772,0.0,2.0
100,score_groups,repair,2,2.0,2,2,0.0,2.0,779.0,1.0,0.997439180537772,0.0,2.0
100,score_groups,repair,5,2.0,2,2,0.0,2.0,779.0,1.0,0.997439180537772,0.0,2.0
100,shuffled_clusters,ordinary,1,2.0,2,2,0.0,2.0,779.0,1.0,0.997439180537772,0.0,2.0
100,shuffled_clusters,ordinary,2,2.0,2,2,0.0,2.0,779.0,1.0,0.997439180537772,0.0,2.0
100,shuffled_clusters,ordinary,5,2.0,2,2,0.0,2.0,779.0,1.0,0.997439180537772,0.0,2.0
100,shuffled_clusters,repair,1,2.0,2,2,0.0,2.0,779.0,1.0,0.997439180537772,0.0,2.0
100,shuffled_clusters,repair,2,2.0,2,2,0.0,2.0,779.0,1.0,0.997439180537772,0.0,2.0
100,shuffled_clusters,repair,5,2.0,2,2,0.0,2.0,779.0,1.0,0.997439180537772,0.0,2.0
100,uncertainty_diversity,ordinary,1,2.0,2,2,0.0,2.0,779.0,1.0,0.997439180537772,0.0,2.0
100,uncertainty_diversity,ordinary,2,2.0,2,2,0.0,2.0,779.0,1.0,0.997439180537772,0.0,2.0
100,uncertainty_diversity,ordinary,5,2.0,2,2,0.0,2.0,779.0,1.0,0.997439180537772,0.0,2.0
100,uncertainty_diversity,repair,1,2.0,2,2,0.0,2.0,779.0,1.0,0.997439180537772,0.0,2.0
100,uncertainty_diversity,repair,2,2.0,2,2,0.0,2.0,779.0,1.0,0.997439180537772,0.0,2.0
100,uncertainty_diversity,repair,5,2.0,2,2,0.0,2.0,779.0,1.0,0.997439180537772,0.0,2.0
200,clusters,ordinary,1,2.0,2,2,0.0,2.0,779.0,1.0,0.997439180537772,0.0,2.0
200,clusters,ordinary,2,2.0,2,2,0.0,2.0,779.0,1.0,0.997439180537772,0.0,2.0
200,clusters,ordinary,5,2.0,2,2,0.0,2.0,779.0,1.0,0.997439180537772,0.0,2.0
200,clusters,repair,1,2.0,2,2,0.0,2.0,779.0,1.0,0.997439180537772,0.0,2.0
200,clusters,repair,2,2.0,2,2,0.0,2.0,779.0,1.0,0.997439180537772,0.0,2.0
200,clusters,repair,5,2.0,2,2,0.0,2.0,779.0,1.0,0.997439180537772,0.0,2.0
200,error_risk,ordinary,1,2.0,2,2,0.0,2.0,779.0,1.0,0.997439180537772,0.0,2.0
200,error_risk,ordinary,2,2.0,2,2,0.0,2.0,779.0,1.0,0.997439180537772,0.0,2.0
200,error_risk,ordinary,5,2.0,2,2,0.0,2.0,779.0,1.0,0.997439180537772,0.0,2.0
200,error_risk,repair,1,2.0,2,2,0.0,2.0,779.0,1.0,0.997439180537772,0.0,2.0
200,error_risk,repair,2,2.0,2,2,0.0,2.0,779.0,1.0,0.997439180537772,0.0,2.0
200,error_risk,repair,5,2.0,2,2,0.0,2.0,779.0,1.0,0.997439180537772,0.0,2.0
200,oracle_student,student,1,1.0,1,1,0.0,1.0,780.0,1.0,0.998719590268886,0.0,1.0
200,oracle_student,student,2,1.0,1,1,0.0,1.0,780.0,1.0,0.998719590268886,0.0,1.0
200,oracle_student,student,5,1.0,1,1,0.0,1.0,780.0,1.0,0.998719590268886,0.0,1.0
200,pseudo_student,student,1,1.0,1,1,0.0,1.0,780.0,1.0,0.998719590268886,0.0,1.0
200,pseudo_student,student,2,1.0,1,1,0.0,1.0,780.0,1.0,0.998719590268886,0.0,1.0
200,pseudo_student,student,5,1.0,1,1,0.0,1.0,780.0,1.0,0.998719590268886,0.0,1.0
200,random,ordinary,1,2.0,2,2,0.0,2.0,779.0,1.0,0.997439180537772,0.0,2.0
200,random,ordinary,2,2.0,2,2,0.0,2.0,779.0,1.0,0.997439180537772,0.0,2.0
200,random,ordinary,5,2.0,2,2,0.0,2.0,779.0,1.0,0.997439180537772,0.0,2.0
200,random,repair,1,2.0,2,2,0.0,2.0,779.0,1.0,0.997439180537772,0.0,2.0
200,random,repair,2,2.0,2,2,0.0,2.0,779.0,1.0,0.997439180537772,0.0,2.0
200,random,repair,5,2.0,2,2,0.0,2.0,779.0,1.0,0.997439180537772,0.0,2.0
200,score_groups,ordinary,1,2.0,2,2,0.0,2.0,779.0,1.0,0.997439180537772,0.0,2.0
200,score_groups,ordinary,2,2.0,2,2,0.0,2.0,779.0,1.0,0.997439180537772,0.0,2.0
200,score_groups,ordinary,5,2.0,2,2,0.0,2.0,779.0,1.0,0.997439180537772,0.0,2.0
200,score_groups,repair,1,2.0,2,2,0.0,2.0,779.0,1.0,0.997439180537772,0.0,2.0
200,score_groups,repair,2,2.0,2,2,0.0,2.0,779.0,1.0,0.997439180537772,0.0,2.0
200,score_groups,repair,5,2.0,2,2,0.0,2.0,779.0,1.0,0.997439180537772,0.0,2.0
200,shuffled_clusters,ordinary,1,2.0,2,2,0.0,2.0,779.0,1.0,0.997439180537772,0.0,2.0
200,shuffled_clusters,ordinary,2,2.0,2,2,0.0,2.0,779.0,1.0,0.997439180537772,0.0,2.0
200,shuffled_clusters,ordinary,5,2.0,2,2,0.0,2.0,779.0,1.0,0.997439180537772,0.0,2.0
200,shuffled_clusters,repair,1,2.0,2,2,0.0,2.0,779.0,1.0,0.997439180537772,0.0,2.0
200,shuffled_clusters,repair,2,2.0,2,2,0.0,2.0,779.0,1.0,0.997439180537772,0.0,2.0
200,shuffled_clusters,repair,5,2.0,2,2,0.0,2.0,779.0,1.0,0.997439180537772,0.0,2.0
200,teacher_student,student,1,7.0,7,7,2.0,5.0,776.0,0.9974293059125964,0.9935979513444302,1.0,5.0
200,teacher_student,student,2,28.0,28,28,0.0,28.0,753.0,1.0,0.9641485275288092,0.0,28.0
200,teacher_student,student,5,28.0,28,28,0.0,28.0,753.0,1.0,0.9641485275288092,0.0,28.0
200,uncertainty_diversity,ordinary,1,2.0,2,2,0.0,2.0,779.0,1.0,0.997439180537772,0.0,2.0
200,uncertainty_diversity,ordinary,2,2.0,2,2,0.0,2.0,779.0,1.0,0.997439180537772,0.0,2.0
200,uncertainty_diversity,ordinary,5,2.0,2,2,0.0,2.0,779.0,1.0,0.997439180537772,0.0,2.0
200,uncertainty_diversity,repair,1,2.0,2,2,0.0,2.0,779.0,1.0,0.997439180537772,0.0,2.0
200,uncertainty_diversity,repair,2,2.0,2,2,0.0,2.0,779.0,1.0,0.997439180537772,0.0,2.0
200,uncertainty_diversity,repair,5,2.0,2,2,0.0,2.0,779.0,1.0,0.997439180537772,0.0,2.0
