arm,policy,rows,exact_sets,exact_set_accuracy,tp,fp,fn,precision,recall,automatic_rows,review_rows,invalid_rows,automatic_coverage,loss_fp1,loss_fp2,loss_fp5,false_nil_rows,false_assignment_on_nil_rows,reference_allocations,predicted_automatic_allocations,organization_count_l1_error,overallocated_count_units,underallocated_count_units,organizations_with_nonzero_count_error
extracted19_logistic,quality_1,697,25,0.035868005738880916,0,0,1693,,0.0,544,151,2,0.7804878048780488,1693,1693,1693,519,0,1693,0,1693,0,1693,600
extracted19_logistic,quality_2,697,83,0.11908177905308465,177,9,1516,0.9516129032258065,0.1045481393975192,544,151,2,0.7804878048780488,1525,1534,1561,361,0,1693,186,1519,6,1513,542
extracted19_logistic,quality_5,697,137,0.19655667144906744,540,39,1153,0.9326424870466321,0.31896042528056706,544,151,2,0.7804878048780488,1192,1231,1348,173,0,1693,579,1172,29,1143,481
extracted19_logistic,risk_1,697,238,0.34146341463414637,983,191,710,0.8373083475298126,0.5806261075014767,544,151,2,0.7804878048780488,901,1092,1665,54,3,1693,1174,831,156,675,427
extracted19_logistic,risk_2,697,234,0.3357245337159254,940,155,753,0.8584474885844748,0.5552274069698759,544,151,2,0.7804878048780488,908,1063,1528,70,3,1693,1095,848,125,723,432
extracted19_logistic,risk_5,697,176,0.25251076040172166,739,86,954,0.8957575757575758,0.4365032486709982,544,151,2,0.7804878048780488,1040,1126,1384,120,1,1693,825,994,63,931,461
extracted19_splink_compact,quality_1,697,25,0.035868005738880916,0,0,1693,,0.0,544,151,2,0.7804878048780488,1693,1693,1693,519,0,1693,0,1693,0,1693,600
extracted19_splink_compact,quality_2,697,25,0.035868005738880916,0,0,1693,,0.0,544,151,2,0.7804878048780488,1693,1693,1693,519,0,1693,0,1693,0,1693,600
extracted19_splink_compact,quality_5,697,25,0.035868005738880916,0,0,1693,,0.0,544,151,2,0.7804878048780488,1693,1693,1693,519,0,1693,0,1693,0,1693,600
extracted19_splink_compact,risk_1,697,235,0.33715925394548063,954,195,739,0.8302872062663186,0.5634967513290018,544,151,2,0.7804878048780488,934,1129,1714,73,3,1693,1149,880,168,712,414
extracted19_splink_compact,risk_2,697,235,0.33715925394548063,954,195,739,0.8302872062663186,0.5634967513290018,544,151,2,0.7804878048780488,934,1129,1714,73,3,1693,1149,880,168,712,414
extracted19_splink_compact,risk_5,697,226,0.3242467718794835,936,171,757,0.8455284552845529,0.5528647371529829,544,151,2,0.7804878048780488,928,1099,1612,90,2,1693,1107,874,144,730,407
extracted19_splink_expanded,quality_1,697,25,0.035868005738880916,0,0,1693,,0.0,544,151,2,0.7804878048780488,1693,1693,1693,519,0,1693,0,1693,0,1693,600
extracted19_splink_expanded,quality_2,697,25,0.035868005738880916,0,0,1693,,0.0,544,151,2,0.7804878048780488,1693,1693,1693,519,0,1693,0,1693,0,1693,600
extracted19_splink_expanded,quality_5,697,177,0.2539454806312769,617,55,1076,0.9181547619047619,0.364441819255759,544,151,2,0.7804878048780488,1131,1186,1351,140,0,1693,672,1107,43,1064,441
extracted19_splink_expanded,risk_1,697,220,0.31563845050215206,888,135,805,0.8680351906158358,0.5245126993502658,544,151,2,0.7804878048780488,940,1075,1480,72,2,1693,1023,900,115,785,438
extracted19_splink_expanded,risk_2,697,220,0.31563845050215206,888,135,805,0.8680351906158358,0.5245126993502658,544,151,2,0.7804878048780488,940,1075,1480,72,2,1693,1023,900,115,785,438
extracted19_splink_expanded,risk_5,697,189,0.27116212338593976,752,86,941,0.8973747016706444,0.44418192557590075,544,151,2,0.7804878048780488,1027,1113,1371,107,2,1693,838,997,71,926,447
extracted19_tree,quality_1,697,72,0.10329985652797705,313,4,1380,0.9873817034700315,0.18487891317188423,544,151,2,0.7804878048780488,1384,1388,1400,269,0,1693,317,1382,3,1379,523
extracted19_tree,quality_2,697,123,0.17647058823529413,577,17,1116,0.9713804713804713,0.3408151210868281,544,151,2,0.7804878048780488,1133,1150,1201,185,0,1693,594,1123,12,1111,482
extracted19_tree,quality_5,697,201,0.2883787661406026,824,56,869,0.9363636363636364,0.48670998227997636,544,151,2,0.7804878048780488,925,981,1149,126,0,1693,880,889,38,851,449
extracted19_tree,risk_1,697,255,0.36585365853658536,982,143,711,0.8728888888888889,0.5800354400472534,544,151,2,0.7804878048780488,854,997,1426,59,2,1693,1125,792,112,680,407
extracted19_tree,risk_2,697,201,0.2883787661406026,824,56,869,0.9363636363636364,0.48670998227997636,544,151,2,0.7804878048780488,925,981,1149,126,0,1693,880,889,38,851,449
extracted19_tree,risk_5,697,201,0.2883787661406026,824,56,869,0.9363636363636364,0.48670998227997636,544,151,2,0.7804878048780488,925,981,1149,126,0,1693,880,889,38,851,449
legacy_extracted_logistic,quality_1,697,110,0.15781922525107603,238,9,1455,0.9635627530364372,0.14057885410513882,544,151,2,0.7804878048780488,1464,1473,1500,333,0,1693,247,1458,6,1452,528
legacy_extracted_logistic,quality_2,697,110,0.15781922525107603,238,9,1455,0.9635627530364372,0.14057885410513882,544,151,2,0.7804878048780488,1464,1473,1500,333,0,1693,247,1458,6,1452,528
legacy_extracted_logistic,quality_5,697,146,0.20946915351506457,394,20,1299,0.9516908212560387,0.2327229769639693,544,151,2,0.7804878048780488,1319,1339,1399,232,0,1693,414,1301,11,1290,485
legacy_extracted_logistic,risk_1,697,187,0.2682926829268293,580,74,1113,0.8868501529051988,0.34258712344949793,544,151,2,0.7804878048780488,1187,1261,1483,124,2,1693,654,1161,61,1100,450
legacy_extracted_logistic,risk_2,697,146,0.20946915351506457,394,20,1299,0.9516908212560387,0.2327229769639693,544,151,2,0.7804878048780488,1319,1339,1399,232,0,1693,414,1301,11,1290,485
legacy_extracted_logistic,risk_5,697,110,0.15781922525107603,238,9,1455,0.9635627530364372,0.14057885410513882,544,151,2,0.7804878048780488,1464,1473,1500,333,0,1693,247,1458,6,1452,528
legacy_extracted_splink_compact,quality_1,697,25,0.035868005738880916,0,0,1693,,0.0,544,151,2,0.7804878048780488,1693,1693,1693,519,0,1693,0,1693,0,1693,600
legacy_extracted_splink_compact,quality_2,697,122,0.1750358680057389,531,34,1162,0.9398230088495575,0.3136444181925576,544,151,2,0.7804878048780488,1196,1230,1332,216,0,1693,565,1170,21,1149,472
legacy_extracted_splink_compact,quality_5,697,136,0.1951219512195122,549,35,1144,0.940068493150685,0.3242764323685765,544,151,2,0.7804878048780488,1179,1214,1319,198,0,1693,584,1153,22,1131,455
legacy_extracted_splink_compact,risk_1,697,136,0.1951219512195122,549,35,1144,0.940068493150685,0.3242764323685765,544,151,2,0.7804878048780488,1179,1214,1319,198,0,1693,584,1153,22,1131,455
legacy_extracted_splink_compact,risk_2,697,136,0.1951219512195122,549,35,1144,0.940068493150685,0.3242764323685765,544,151,2,0.7804878048780488,1179,1214,1319,198,0,1693,584,1153,22,1131,455
legacy_extracted_splink_compact,risk_5,697,136,0.1951219512195122,549,35,1144,0.940068493150685,0.3242764323685765,544,151,2,0.7804878048780488,1179,1214,1319,198,0,1693,584,1153,22,1131,455
legacy_extracted_splink_expanded,quality_1,697,42,0.06025824964131994,115,6,1578,0.9504132231404959,0.06792675723567632,544,151,2,0.7804878048780488,1584,1590,1608,404,0,1693,121,1576,2,1574,573
legacy_extracted_splink_expanded,quality_2,697,42,0.06025824964131994,115,6,1578,0.9504132231404959,0.06792675723567632,544,151,2,0.7804878048780488,1584,1590,1608,404,0,1693,121,1576,2,1574,573
legacy_extracted_splink_expanded,quality_5,697,75,0.10760401721664276,254,12,1439,0.9548872180451128,0.15002953337271116,544,151,2,0.7804878048780488,1451,1463,1499,317,0,1693,266,1441,7,1434,522
legacy_extracted_splink_expanded,risk_1,697,188,0.2697274031563845,739,82,954,0.9001218026796589,0.4365032486709982,544,151,2,0.7804878048780488,1036,1118,1364,121,1,1693,821,1008,68,940,441
legacy_extracted_splink_expanded,risk_2,697,188,0.2697274031563845,739,82,954,0.9001218026796589,0.4365032486709982,544,151,2,0.7804878048780488,1036,1118,1364,121,1,1693,821,1008,68,940,441
legacy_extracted_splink_expanded,risk_5,697,107,0.15351506456241032,419,34,1274,0.9249448123620309,0.2474896633195511,544,151,2,0.7804878048780488,1308,1342,1444,229,0,1693,453,1286,23,1263,487
legacy_extracted_tree,quality_1,697,25,0.035868005738880916,0,0,1693,,0.0,544,151,2,0.7804878048780488,1693,1693,1693,519,0,1693,0,1693,0,1693,600
legacy_extracted_tree,quality_2,697,80,0.11477761836441894,170,10,1523,0.9444444444444444,0.10041346721795628,544,151,2,0.7804878048780488,1533,1543,1573,339,0,1693,180,1529,8,1521,542
legacy_extracted_tree,quality_5,697,114,0.16355810616929697,286,23,1407,0.9255663430420712,0.16893089190785587,544,151,2,0.7804878048780488,1430,1453,1522,241,2,1693,309,1422,19,1403,500
legacy_extracted_tree,risk_1,697,193,0.2769010043041607,699,81,994,0.8961538461538462,0.41287655050206734,544,151,2,0.7804878048780488,1075,1156,1399,73,3,1693,780,1039,63,976,422
legacy_extracted_tree,risk_2,697,114,0.16355810616929697,286,23,1407,0.9255663430420712,0.16893089190785587,544,151,2,0.7804878048780488,1430,1453,1522,241,2,1693,309,1422,19,1403,500
legacy_extracted_tree,risk_5,697,114,0.16355810616929697,286,23,1407,0.9255663430420712,0.16893089190785587,544,151,2,0.7804878048780488,1430,1453,1522,241,2,1693,309,1422,19,1403,500
legacy_raw_full32_logistic,quality_1,697,46,0.06599713055954089,9,0,1684,1.0,0.005316007088009451,697,0,0,1.0,1684,1684,1684,651,0,1693,9,1684,0,1684,595
legacy_raw_full32_logistic,quality_2,697,46,0.06599713055954089,9,0,1684,1.0,0.005316007088009451,697,0,0,1.0,1684,1684,1684,651,0,1693,9,1684,0,1684,595
legacy_raw_full32_logistic,quality_5,697,83,0.11908177905308465,72,1,1621,0.9863013698630136,0.042528056704075605,697,0,0,1.0,1622,1623,1626,588,0,1693,73,1622,1,1621,566
legacy_raw_full32_logistic,risk_1,697,144,0.2065997130559541,399,51,1294,0.8866666666666667,0.23567631423508564,697,0,0,1.0,1345,1396,1549,315,0,1693,450,1321,39,1282,482
legacy_raw_full32_logistic,risk_2,697,144,0.2065997130559541,399,51,1294,0.8866666666666667,0.23567631423508564,697,0,0,1.0,1345,1396,1549,315,0,1693,450,1321,39,1282,482
legacy_raw_full32_logistic,risk_5,697,83,0.11908177905308465,72,1,1621,0.9863013698630136,0.042528056704075605,697,0,0,1.0,1622,1623,1626,588,0,1693,73,1622,1,1621,566
legacy_raw_full32_tree,quality_1,697,37,0.05308464849354376,0,0,1693,,0.0,697,0,0,1.0,1693,1693,1693,660,0,1693,0,1693,0,1693,600
legacy_raw_full32_tree,quality_2,697,75,0.10760401721664276,67,1,1626,0.9852941176470589,0.039574719432959246,697,0,0,1.0,1627,1628,1631,592,0,1693,68,1627,1,1626,574
legacy_raw_full32_tree,quality_5,697,108,0.15494978479196556,191,19,1502,0.9095238095238095,0.112817483756645,697,0,0,1.0,1521,1540,1597,454,1,1693,210,1513,15,1498,523
legacy_raw_full32_tree,risk_1,697,183,0.26255380200860834,510,63,1183,0.8900523560209425,0.3012404016538689,697,0,0,1.0,1246,1309,1498,228,2,1693,573,1226,53,1173,446
legacy_raw_full32_tree,risk_2,697,148,0.21233859397417504,374,47,1319,0.8883610451306413,0.22090962787950383,697,0,0,1.0,1366,1413,1554,306,1,1693,421,1348,38,1310,479
legacy_raw_full32_tree,risk_5,697,108,0.15494978479196556,191,19,1502,0.9095238095238095,0.112817483756645,697,0,0,1.0,1521,1540,1597,454,1,1693,210,1513,15,1498,523
legacy_raw_lexical,quality_1,697,150,0.2152080344332855,1094,1056,599,0.5088372093023256,0.6461901949202599,697,0,0,1.0,1655,2711,5879,100,6,1693,2150,1619,1038,581,550
legacy_raw_lexical,quality_2,697,150,0.2152080344332855,1094,1056,599,0.5088372093023256,0.6461901949202599,697,0,0,1.0,1655,2711,5879,100,6,1693,2150,1619,1038,581,550
legacy_raw_lexical,quality_5,697,150,0.2152080344332855,1094,1056,599,0.5088372093023256,0.6461901949202599,697,0,0,1.0,1655,2711,5879,100,6,1693,2150,1619,1038,581,550
legacy_raw_lexical,risk_1,697,150,0.2152080344332855,1095,1056,598,0.5090655509065551,0.6467808623744832,697,0,0,1.0,1654,2710,5878,100,6,1693,2151,1618,1038,580,550
legacy_raw_lexical,risk_2,697,150,0.2152080344332855,1095,1056,598,0.5090655509065551,0.6467808623744832,697,0,0,1.0,1654,2710,5878,100,6,1693,2151,1618,1038,580,550
legacy_raw_lexical,risk_5,697,150,0.2152080344332855,1095,1056,598,0.5090655509065551,0.6467808623744832,697,0,0,1.0,1654,2710,5878,100,6,1693,2151,1618,1038,580,550
legacy_raw_logistic,quality_1,697,37,0.05308464849354376,0,0,1693,,0.0,697,0,0,1.0,1693,1693,1693,660,0,1693,0,1693,0,1693,600
legacy_raw_logistic,quality_2,697,37,0.05308464849354376,0,0,1693,,0.0,697,0,0,1.0,1693,1693,1693,660,0,1693,0,1693,0,1693,600
legacy_raw_logistic,quality_5,697,72,0.10329985652797705,116,12,1577,0.90625,0.06851742468989959,697,0,0,1.0,1589,1601,1637,544,0,1693,128,1583,9,1574,566
legacy_raw_logistic,risk_1,697,142,0.20373027259684362,571,81,1122,0.8757668711656442,0.3372711163614885,697,0,0,1.0,1203,1284,1527,279,0,1693,652,1179,69,1110,478
legacy_raw_logistic,risk_2,697,116,0.16642754662840745,341,34,1352,0.9093333333333333,0.20141760189013586,697,0,0,1.0,1386,1420,1522,394,0,1693,375,1366,24,1342,511
legacy_raw_logistic,risk_5,697,116,0.16642754662840745,341,34,1352,0.9093333333333333,0.20141760189013586,697,0,0,1.0,1386,1420,1522,394,0,1693,375,1366,24,1342,511
legacy_raw_matched_logistic,quality_1,697,37,0.05308464849354376,0,0,1693,,0.0,697,0,0,1.0,1693,1693,1693,660,0,1693,0,1693,0,1693,600
legacy_raw_matched_logistic,quality_2,697,76,0.10903873744619799,124,13,1569,0.9051094890510949,0.07324276432368576,697,0,0,1.0,1582,1595,1634,537,0,1693,137,1576,10,1566,564
legacy_raw_matched_logistic,quality_5,697,76,0.10903873744619799,124,13,1569,0.9051094890510949,0.07324276432368576,697,0,0,1.0,1582,1595,1634,537,0,1693,137,1576,10,1566,564
legacy_raw_matched_logistic,risk_1,697,144,0.2065997130559541,586,78,1107,0.8825301204819277,0.34613112817483754,697,0,0,1.0,1185,1263,1497,275,0,1693,664,1161,66,1095,470
legacy_raw_matched_logistic,risk_2,697,144,0.2065997130559541,586,78,1107,0.8825301204819277,0.34613112817483754,697,0,0,1.0,1185,1263,1497,275,0,1693,664,1161,66,1095,470
legacy_raw_matched_logistic,risk_5,697,76,0.10903873744619799,124,13,1569,0.9051094890510949,0.07324276432368576,697,0,0,1.0,1582,1595,1634,537,0,1693,137,1576,10,1566,564
legacy_raw_matched_splink_compact,quality_1,697,37,0.05308464849354376,0,0,1693,,0.0,697,0,0,1.0,1693,1693,1693,660,0,1693,0,1693,0,1693,600
legacy_raw_matched_splink_compact,quality_2,697,37,0.05308464849354376,0,0,1693,,0.0,697,0,0,1.0,1693,1693,1693,660,0,1693,0,1693,0,1693,600
legacy_raw_matched_splink_compact,quality_5,697,138,0.19799139167862267,723,74,970,0.9071518193224593,0.4270525694034259,697,0,0,1.0,1044,1118,1340,268,0,1693,797,1010,57,953,413
legacy_raw_matched_splink_compact,risk_1,697,145,0.20803443328550933,736,76,957,0.9064039408866995,0.43473124630832843,697,0,0,1.0,1033,1109,1337,255,0,1693,812,1001,60,941,404
legacy_raw_matched_splink_compact,risk_2,697,145,0.20803443328550933,736,76,957,0.9064039408866995,0.43473124630832843,697,0,0,1.0,1033,1109,1337,255,0,1693,812,1001,60,941,404
legacy_raw_matched_splink_compact,risk_5,697,138,0.19799139167862267,723,74,970,0.9071518193224593,0.4270525694034259,697,0,0,1.0,1044,1118,1340,268,0,1693,797,1010,57,953,413
legacy_raw_matched_splink_expanded,quality_1,697,60,0.08608321377331421,152,8,1541,0.95,0.0897814530419374,697,0,0,1.0,1549,1557,1581,514,0,1693,160,1541,4,1537,560
legacy_raw_matched_splink_expanded,quality_2,697,60,0.08608321377331421,152,8,1541,0.95,0.0897814530419374,697,0,0,1.0,1549,1557,1581,514,0,1693,160,1541,4,1537,560
legacy_raw_matched_splink_expanded,quality_5,697,90,0.1291248206599713,383,45,1310,0.8948598130841121,0.2262256349675133,697,0,0,1.0,1355,1400,1535,387,0,1693,428,1339,37,1302,512
legacy_raw_matched_splink_expanded,risk_1,697,90,0.1291248206599713,383,45,1310,0.8948598130841121,0.2262256349675133,697,0,0,1.0,1355,1400,1535,387,0,1693,428,1339,37,1302,512
legacy_raw_matched_splink_expanded,risk_2,697,90,0.1291248206599713,383,45,1310,0.8948598130841121,0.2262256349675133,697,0,0,1.0,1355,1400,1535,387,0,1693,428,1339,37,1302,512
legacy_raw_matched_splink_expanded,risk_5,697,90,0.1291248206599713,383,45,1310,0.8948598130841121,0.2262256349675133,697,0,0,1.0,1355,1400,1535,387,0,1693,428,1339,37,1302,512
legacy_raw_matched_tree,quality_1,697,37,0.05308464849354376,0,0,1693,,0.0,697,0,0,1.0,1693,1693,1693,660,0,1693,0,1693,0,1693,600
legacy_raw_matched_tree,quality_2,697,37,0.05308464849354376,0,0,1693,,0.0,697,0,0,1.0,1693,1693,1693,660,0,1693,0,1693,0,1693,600
legacy_raw_matched_tree,quality_5,697,87,0.12482065997130559,218,30,1475,0.8790322580645161,0.12876550502067335,697,0,0,1.0,1505,1535,1625,413,0,1693,248,1497,26,1471,531
legacy_raw_matched_tree,risk_1,697,166,0.2381635581061693,705,107,988,0.8682266009852216,0.41642055522740695,697,0,0,1.0,1095,1202,1523,181,1,1693,812,1063,91,972,427
legacy_raw_matched_tree,risk_2,697,87,0.12482065997130559,218,30,1475,0.8790322580645161,0.12876550502067335,697,0,0,1.0,1505,1535,1625,413,0,1693,248,1497,26,1471,531
legacy_raw_matched_tree,risk_5,697,87,0.12482065997130559,218,30,1475,0.8790322580645161,0.12876550502067335,697,0,0,1.0,1505,1535,1625,413,0,1693,248,1497,26,1471,531
legacy_raw_splink_compact,quality_1,697,37,0.05308464849354376,0,0,1693,,0.0,697,0,0,1.0,1693,1693,1693,660,0,1693,0,1693,0,1693,600
legacy_raw_splink_compact,quality_2,697,37,0.05308464849354376,0,0,1693,,0.0,697,0,0,1.0,1693,1693,1693,660,0,1693,0,1693,0,1693,600
legacy_raw_splink_compact,quality_5,697,37,0.05308464849354376,0,0,1693,,0.0,697,0,0,1.0,1693,1693,1693,660,0,1693,0,1693,0,1693,600
legacy_raw_splink_compact,risk_1,697,165,0.23672883787661406,792,120,901,0.868421052631579,0.4678086237448317,697,0,0,1.0,1021,1141,1501,224,0,1693,912,991,105,886,393
legacy_raw_splink_compact,risk_2,697,145,0.20803443328550933,736,76,957,0.9064039408866995,0.43473124630832843,697,0,0,1.0,1033,1109,1337,255,0,1693,812,1001,60,941,404
legacy_raw_splink_compact,risk_5,697,145,0.20803443328550933,736,76,957,0.9064039408866995,0.43473124630832843,697,0,0,1.0,1033,1109,1337,255,0,1693,812,1001,60,941,404
legacy_raw_splink_expanded,quality_1,697,37,0.05308464849354376,0,0,1693,,0.0,697,0,0,1.0,1693,1693,1693,660,0,1693,0,1693,0,1693,600
legacy_raw_splink_expanded,quality_2,697,37,0.05308464849354376,0,0,1693,,0.0,697,0,0,1.0,1693,1693,1693,660,0,1693,0,1693,0,1693,600
legacy_raw_splink_expanded,quality_5,697,90,0.1291248206599713,385,45,1308,0.8953488372093024,0.22740696987595985,697,0,0,1.0,1353,1398,1533,387,0,1693,430,1337,37,1300,512
legacy_raw_splink_expanded,risk_1,697,152,0.21807747489239598,749,134,944,0.8482446206115515,0.44240992321323097,697,0,0,1.0,1078,1212,1614,248,0,1693,883,1050,120,930,471
legacy_raw_splink_expanded,risk_2,697,90,0.1291248206599713,385,45,1308,0.8953488372093024,0.22740696987595985,697,0,0,1.0,1353,1398,1533,387,0,1693,430,1337,37,1300,512
legacy_raw_splink_expanded,risk_5,697,90,0.1291248206599713,385,45,1308,0.8953488372093024,0.22740696987595985,697,0,0,1.0,1353,1398,1533,387,0,1693,430,1337,37,1300,512
legacy_raw_tree,quality_1,697,37,0.05308464849354376,0,0,1693,,0.0,697,0,0,1.0,1693,1693,1693,660,0,1693,0,1693,0,1693,600
legacy_raw_tree,quality_2,697,37,0.05308464849354376,0,0,1693,,0.0,697,0,0,1.0,1693,1693,1693,660,0,1693,0,1693,0,1693,600
legacy_raw_tree,quality_5,697,89,0.12769010043041606,222,30,1471,0.8809523809523809,0.13112817483756645,697,0,0,1.0,1501,1531,1621,408,0,1693,252,1493,26,1467,531
legacy_raw_tree,risk_1,697,168,0.24103299856527977,696,103,997,0.8710888610763454,0.4111045481393975,697,0,0,1.0,1100,1203,1512,180,1,1693,799,1068,87,981,432
legacy_raw_tree,risk_2,697,138,0.19799139167862267,486,50,1207,0.9067164179104478,0.28706438275251034,697,0,0,1.0,1257,1307,1457,272,1,1693,536,1237,40,1197,462
legacy_raw_tree,risk_5,697,89,0.12769010043041606,222,30,1471,0.8809523809523809,0.13112817483756645,697,0,0,1.0,1501,1531,1621,408,0,1693,252,1493,26,1467,531
raw19_logistic,quality_1,697,37,0.05308464849354376,0,0,1693,,0.0,697,0,0,1.0,1693,1693,1693,660,0,1693,0,1693,0,1693,600
raw19_logistic,quality_2,697,53,0.07604017216642754,68,3,1625,0.9577464788732394,0.04016538688718252,697,0,0,1.0,1628,1631,1640,596,0,1693,71,1624,1,1623,577
raw19_logistic,quality_5,697,92,0.13199426111908177,358,31,1335,0.9203084832904884,0.21145894861193149,697,0,0,1.0,1366,1397,1490,414,0,1693,389,1360,28,1332,528
raw19_logistic,risk_1,697,201,0.2883787661406026,1076,206,617,0.8393135725429017,0.635558180744241,697,0,0,1.0,823,1029,1647,151,2,1693,1282,759,174,585,408
raw19_logistic,risk_2,697,187,0.2682926829268293,944,142,749,0.8692449355432781,0.5575900767867691,697,0,0,1.0,891,1033,1459,196,2,1693,1086,839,116,723,427
raw19_logistic,risk_5,697,146,0.20946915351506457,678,78,1015,0.8968253968253969,0.4004725339633786,697,0,0,1.0,1093,1171,1405,275,0,1693,756,1051,57,994,462
raw19_splink_compact,quality_1,697,37,0.05308464849354376,0,0,1693,,0.0,697,0,0,1.0,1693,1693,1693,660,0,1693,0,1693,0,1693,600
raw19_splink_compact,quality_2,697,37,0.05308464849354376,0,0,1693,,0.0,697,0,0,1.0,1693,1693,1693,660,0,1693,0,1693,0,1693,600
raw19_splink_compact,quality_5,697,37,0.05308464849354376,0,0,1693,,0.0,697,0,0,1.0,1693,1693,1693,660,0,1693,0,1693,0,1693,600
raw19_splink_compact,risk_1,697,222,0.31850789096126253,1143,277,550,0.8049295774647888,0.6751329001772003,697,0,0,1.0,827,1104,1935,130,1,1693,1420,783,255,528,377
raw19_splink_compact,risk_2,697,222,0.31850789096126253,1143,277,550,0.8049295774647888,0.6751329001772003,697,0,0,1.0,827,1104,1935,130,1,1693,1420,783,255,528,377
raw19_splink_compact,risk_5,697,145,0.20803443328550933,736,76,957,0.9064039408866995,0.43473124630832843,697,0,0,1.0,1033,1109,1337,255,0,1693,812,1001,60,941,404
raw19_splink_expanded,quality_1,697,37,0.05308464849354376,0,0,1693,,0.0,697,0,0,1.0,1693,1693,1693,660,0,1693,0,1693,0,1693,600
raw19_splink_expanded,quality_2,697,37,0.05308464849354376,0,0,1693,,0.0,697,0,0,1.0,1693,1693,1693,660,0,1693,0,1693,0,1693,600
raw19_splink_expanded,quality_5,697,77,0.11047345767575323,351,43,1342,0.8908629441624365,0.2073242764323686,697,0,0,1.0,1385,1428,1557,403,0,1693,394,1371,36,1335,533
raw19_splink_expanded,risk_1,697,169,0.242467718794835,925,226,768,0.8036490008688097,0.5463673951565269,697,0,0,1.0,994,1220,1898,192,2,1693,1151,930,194,736,471
raw19_splink_expanded,risk_2,697,169,0.242467718794835,925,226,768,0.8036490008688097,0.5463673951565269,697,0,0,1.0,994,1220,1898,192,2,1693,1151,930,194,736,471
raw19_splink_expanded,risk_5,697,94,0.13486370157819225,492,56,1201,0.8978102189781022,0.29060838747784995,697,0,0,1.0,1257,1313,1481,335,0,1693,548,1243,49,1194,491
raw19_tree,quality_1,697,37,0.05308464849354376,0,0,1693,,0.0,697,0,0,1.0,1693,1693,1693,660,0,1693,0,1693,0,1693,600
raw19_tree,quality_2,697,37,0.05308464849354376,0,0,1693,,0.0,697,0,0,1.0,1693,1693,1693,660,0,1693,0,1693,0,1693,600
raw19_tree,quality_5,697,111,0.15925394548063126,490,24,1203,0.953307392996109,0.28942705256940343,697,0,0,1.0,1227,1251,1323,316,0,1693,514,1215,18,1197,489
raw19_tree,risk_1,697,247,0.35437589670014347,1243,237,450,0.8398648648648649,0.7341996455995274,697,0,0,1.0,687,924,1635,109,4,1693,1480,627,207,420,385
raw19_tree,risk_2,697,233,0.33428981348637016,1199,200,494,0.8570407433881344,0.7082102776137035,697,0,0,1.0,694,894,1494,120,2,1693,1399,638,172,466,381
raw19_tree,risk_5,697,190,0.27259684361549497,908,89,785,0.9107321965897693,0.5363260484347312,697,0,0,1.0,874,963,1230,200,0,1693,997,834,69,765,389
raw32_logistic,quality_1,697,45,0.06456241032998565,30,3,1663,0.9090909090909091,0.01772002362669817,697,0,0,1.0,1666,1669,1678,632,0,1693,33,1662,1,1661,593
raw32_logistic,quality_2,697,45,0.06456241032998565,30,3,1663,0.9090909090909091,0.01772002362669817,697,0,0,1.0,1666,1669,1678,632,0,1693,33,1662,1,1661,593
raw32_logistic,quality_5,697,89,0.12769010043041606,257,27,1436,0.9049295774647887,0.151801535735381,697,0,0,1.0,1463,1490,1571,437,2,1693,284,1449,20,1429,548
raw32_logistic,risk_1,697,211,0.30272596843615496,1041,220,652,0.8255352894528152,0.6148848198464265,697,0,0,1.0,872,1092,1752,121,11,1693,1261,816,192,624,411
raw32_logistic,risk_2,697,174,0.24964131994261118,836,129,857,0.8663212435233161,0.49379799173065564,697,0,0,1.0,986,1115,1502,185,8,1693,965,948,110,838,422
raw32_logistic,risk_5,697,116,0.16642754662840745,483,72,1210,0.8702702702702703,0.2852923803898405,697,0,0,1.0,1282,1354,1570,304,5,1693,555,1252,57,1195,501
raw32_tree,quality_1,697,64,0.09182209469153516,126,0,1567,1.0,0.0744240992321323,697,0,0,1.0,1567,1567,1567,540,0,1693,126,1567,0,1567,564
raw32_tree,quality_2,697,116,0.16642754662840745,532,19,1161,0.9655172413793104,0.3142350856467809,697,0,0,1.0,1180,1199,1256,304,0,1693,551,1166,12,1154,480
raw32_tree,quality_5,697,116,0.16642754662840745,532,19,1161,0.9655172413793104,0.3142350856467809,697,0,0,1.0,1180,1199,1256,304,0,1693,551,1166,12,1154,480
raw32_tree,risk_1,697,277,0.39741750358680056,1288,250,405,0.8374512353706112,0.7607796810395747,697,0,0,1.0,655,905,1655,74,5,1693,1538,599,222,377,354
raw32_tree,risk_2,697,263,0.37733142037302725,1210,163,483,0.8812818645302258,0.7147076196101595,697,0,0,1.0,646,809,1298,102,4,1693,1373,594,137,457,337
raw32_tree,risk_5,697,189,0.27116212338593976,941,84,752,0.9180487804878049,0.5558180744240993,697,0,0,1.0,836,920,1172,159,0,1693,1025,798,65,733,380
semantic_selector,fixed,697,423,0.6068866571018652,1277,44,416,0.9666919000757003,0.7542823390431187,562,135,0,0.806312769010043,460,504,636,0,3,1693,1321,436,32,404,240
