arm,policy,cohort,rows,exact_sets,exact_set_accuracy,tp,fp,fn,precision,recall,automatic_coverage,review_rows,invalid_rows,loss_fp1,loss_fp2,loss_fp5,organization_count_l1_error
extracted_logistic,quality_1,all,1104,161,0.14583333333333334,357,16,2349,0.9571045576407506,0.1319290465631929,0.7762681159420289,245,2,2365,2381,2429,2355
extracted_logistic,quality_1,french,614,52,0.08469055374592833,210,13,1723,0.9417040358744395,0.10863942058975685,0.7768729641693811,137,0,1736,1749,1788,1728
extracted_logistic,quality_1,multilingual,322,93,0.2888198757763975,63,0,236,1.0,0.21070234113712374,0.7515527950310559,78,2,236,236,236,236
extracted_logistic,quality_1,multi-org,168,16,0.09523809523809523,84,3,390,0.9655172413793104,0.17721518987341772,0.8214285714285714,30,0,393,396,405,391
extracted_logistic,quality_2,all,1104,161,0.14583333333333334,357,16,2349,0.9571045576407506,0.1319290465631929,0.7762681159420289,245,2,2365,2381,2429,2355
extracted_logistic,quality_2,french,614,52,0.08469055374592833,210,13,1723,0.9417040358744395,0.10863942058975685,0.7768729641693811,137,0,1736,1749,1788,1728
extracted_logistic,quality_2,multilingual,322,93,0.2888198757763975,63,0,236,1.0,0.21070234113712374,0.7515527950310559,78,2,236,236,236,236
extracted_logistic,quality_2,multi-org,168,16,0.09523809523809523,84,3,390,0.9655172413793104,0.17721518987341772,0.8214285714285714,30,0,393,396,405,391
extracted_logistic,quality_5,all,1104,220,0.19927536231884058,604,41,2102,0.9364341085271318,0.22320768662232077,0.7762681159420289,245,2,2143,2184,2307,2117
extracted_logistic,quality_5,french,614,65,0.10586319218241043,369,28,1564,0.929471032745592,0.1908949818934299,0.7768729641693811,137,0,1592,1620,1704,1568
extracted_logistic,quality_5,multilingual,322,125,0.38819875776397517,100,5,199,0.9523809523809523,0.33444816053511706,0.7515527950310559,78,2,204,209,224,204
extracted_logistic,quality_5,multi-org,168,30,0.17857142857142858,135,8,339,0.9440559440559441,0.2848101265822785,0.8214285714285714,30,0,347,355,379,345
extracted_logistic,risk_1,all,1104,278,0.25181159420289856,913,135,1793,0.8711832061068703,0.33739837398373984,0.7762681159420289,245,2,1928,2063,2468,1866
extracted_logistic,risk_1,french,614,88,0.14332247557003258,567,80,1366,0.8763523956723338,0.2933264355923435,0.7768729641693811,137,0,1446,1526,1766,1400
extracted_logistic,risk_1,multilingual,322,153,0.4751552795031056,148,29,151,0.8361581920903954,0.49498327759197325,0.7515527950310559,78,2,180,209,296,174
extracted_logistic,risk_1,multi-org,168,37,0.22023809523809523,198,26,276,0.8839285714285714,0.4177215189873418,0.8214285714285714,30,0,302,328,406,298
extracted_logistic,risk_2,all,1104,220,0.19927536231884058,604,41,2102,0.9364341085271318,0.22320768662232077,0.7762681159420289,245,2,2143,2184,2307,2117
extracted_logistic,risk_2,french,614,65,0.10586319218241043,369,28,1564,0.929471032745592,0.1908949818934299,0.7768729641693811,137,0,1592,1620,1704,1568
extracted_logistic,risk_2,multilingual,322,125,0.38819875776397517,100,5,199,0.9523809523809523,0.33444816053511706,0.7515527950310559,78,2,204,209,224,204
extracted_logistic,risk_2,multi-org,168,30,0.17857142857142858,135,8,339,0.9440559440559441,0.2848101265822785,0.8214285714285714,30,0,347,355,379,345
extracted_logistic,risk_5,all,1104,161,0.14583333333333334,357,16,2349,0.9571045576407506,0.1319290465631929,0.7762681159420289,245,2,2365,2381,2429,2355
extracted_logistic,risk_5,french,614,52,0.08469055374592833,210,13,1723,0.9417040358744395,0.10863942058975685,0.7768729641693811,137,0,1736,1749,1788,1728
extracted_logistic,risk_5,multilingual,322,93,0.2888198757763975,63,0,236,1.0,0.21070234113712374,0.7515527950310559,78,2,236,236,236,236
extracted_logistic,risk_5,multi-org,168,16,0.09523809523809523,84,3,390,0.9655172413793104,0.17721518987341772,0.8214285714285714,30,0,393,396,405,391
extracted_splink_compact,quality_1,all,1104,45,0.04076086956521739,0,0,2706,,0.0,0.7762681159420289,245,2,2706,2706,2706,2706
extracted_splink_compact,quality_1,french,614,4,0.006514657980456026,0,0,1933,,0.0,0.7768729641693811,137,0,1933,1933,1933,1933
extracted_splink_compact,quality_1,multilingual,322,41,0.12732919254658384,0,0,299,,0.0,0.7515527950310559,78,2,299,299,299,299
extracted_splink_compact,quality_1,multi-org,168,0,0.0,0,0,474,,0.0,0.8214285714285714,30,0,474,474,474,474
extracted_splink_compact,quality_2,all,1104,184,0.16666666666666666,823,59,1883,0.9331065759637188,0.3041389504804139,0.7762681159420289,245,2,1942,2001,2178,1904
extracted_splink_compact,quality_2,french,614,73,0.11889250814332247,594,41,1339,0.9354330708661417,0.3072943610967408,0.7768729641693811,137,0,1380,1421,1544,1346
extracted_splink_compact,quality_2,multilingual,322,86,0.2670807453416149,61,1,238,0.9838709677419355,0.2040133779264214,0.7515527950310559,78,2,239,240,243,239
extracted_splink_compact,quality_2,multi-org,168,25,0.1488095238095238,168,17,306,0.9081081081081082,0.35443037974683544,0.8214285714285714,30,0,323,340,391,319
extracted_splink_compact,quality_5,all,1104,203,0.1838768115942029,852,60,1854,0.9342105263157895,0.3148558758314856,0.7762681159420289,245,2,1914,1974,2154,1876
extracted_splink_compact,quality_5,french,614,75,0.12214983713355049,603,41,1330,0.9363354037267081,0.31195033626487323,0.7768729641693811,137,0,1371,1412,1535,1337
extracted_splink_compact,quality_5,multilingual,322,103,0.3198757763975155,78,1,221,0.9873417721518988,0.2608695652173913,0.7515527950310559,78,2,222,223,226,222
extracted_splink_compact,quality_5,multi-org,168,25,0.1488095238095238,171,18,303,0.9047619047619048,0.36075949367088606,0.8214285714285714,30,0,321,339,393,317
extracted_splink_compact,risk_1,all,1104,203,0.1838768115942029,852,60,1854,0.9342105263157895,0.3148558758314856,0.7762681159420289,245,2,1914,1974,2154,1876
extracted_splink_compact,risk_1,french,614,75,0.12214983713355049,603,41,1330,0.9363354037267081,0.31195033626487323,0.7768729641693811,137,0,1371,1412,1535,1337
extracted_splink_compact,risk_1,multilingual,322,103,0.3198757763975155,78,1,221,0.9873417721518988,0.2608695652173913,0.7515527950310559,78,2,222,223,226,222
extracted_splink_compact,risk_1,multi-org,168,25,0.1488095238095238,171,18,303,0.9047619047619048,0.36075949367088606,0.8214285714285714,30,0,321,339,393,317
extracted_splink_compact,risk_2,all,1104,203,0.1838768115942029,852,60,1854,0.9342105263157895,0.3148558758314856,0.7762681159420289,245,2,1914,1974,2154,1876
extracted_splink_compact,risk_2,french,614,75,0.12214983713355049,603,41,1330,0.9363354037267081,0.31195033626487323,0.7768729641693811,137,0,1371,1412,1535,1337
extracted_splink_compact,risk_2,multilingual,322,103,0.3198757763975155,78,1,221,0.9873417721518988,0.2608695652173913,0.7515527950310559,78,2,222,223,226,222
extracted_splink_compact,risk_2,multi-org,168,25,0.1488095238095238,171,18,303,0.9047619047619048,0.36075949367088606,0.8214285714285714,30,0,321,339,393,317
extracted_splink_compact,risk_5,all,1104,203,0.1838768115942029,852,60,1854,0.9342105263157895,0.3148558758314856,0.7762681159420289,245,2,1914,1974,2154,1876
extracted_splink_compact,risk_5,french,614,75,0.12214983713355049,603,41,1330,0.9363354037267081,0.31195033626487323,0.7768729641693811,137,0,1371,1412,1535,1337
extracted_splink_compact,risk_5,multilingual,322,103,0.3198757763975155,78,1,221,0.9873417721518988,0.2608695652173913,0.7515527950310559,78,2,222,223,226,222
extracted_splink_compact,risk_5,multi-org,168,25,0.1488095238095238,171,18,303,0.9047619047619048,0.36075949367088606,0.8214285714285714,30,0,321,339,393,317
extracted_splink_expanded,quality_1,all,1104,71,0.06431159420289854,183,8,2523,0.9581151832460733,0.06762749445676275,0.7762681159420289,245,2,2531,2539,2563,2521
extracted_splink_expanded,quality_1,french,614,7,0.011400651465798045,106,5,1827,0.954954954954955,0.05483704086911537,0.7768729641693811,137,0,1832,1837,1852,1822
extracted_splink_expanded,quality_1,multilingual,322,61,0.18944099378881987,26,0,273,1.0,0.08695652173913043,0.7515527950310559,78,2,273,273,273,273
extracted_splink_expanded,quality_1,multi-org,168,3,0.017857142857142856,51,3,423,0.9444444444444444,0.10759493670886076,0.8214285714285714,30,0,426,429,438,426
extracted_splink_expanded,quality_2,all,1104,71,0.06431159420289854,183,8,2523,0.9581151832460733,0.06762749445676275,0.7762681159420289,245,2,2531,2539,2563,2521
extracted_splink_expanded,quality_2,french,614,7,0.011400651465798045,106,5,1827,0.954954954954955,0.05483704086911537,0.7768729641693811,137,0,1832,1837,1852,1822
extracted_splink_expanded,quality_2,multilingual,322,61,0.18944099378881987,26,0,273,1.0,0.08695652173913043,0.7515527950310559,78,2,273,273,273,273
extracted_splink_expanded,quality_2,multi-org,168,3,0.017857142857142856,51,3,423,0.9444444444444444,0.10759493670886076,0.8214285714285714,30,0,426,429,438,426
extracted_splink_expanded,quality_5,all,1104,117,0.10597826086956522,408,17,2298,0.96,0.15077605321507762,0.7762681159420289,245,2,2315,2332,2383,2303
extracted_splink_expanded,quality_5,french,614,13,0.021172638436482084,247,10,1686,0.9610894941634242,0.12778065183652354,0.7768729641693811,137,0,1696,1706,1736,1686
extracted_splink_expanded,quality_5,multilingual,322,95,0.2950310559006211,67,1,232,0.9852941176470589,0.22408026755852842,0.7515527950310559,78,2,233,234,237,233
extracted_splink_expanded,quality_5,multi-org,168,9,0.05357142857142857,94,6,380,0.94,0.19831223628691982,0.8214285714285714,30,0,386,392,410,384
extracted_splink_expanded,risk_1,all,1104,280,0.2536231884057971,1139,130,1567,0.8975571315996848,0.42091648189209163,0.7762681159420289,245,2,1697,1827,2217,1651
extracted_splink_expanded,risk_1,french,614,85,0.13843648208469056,771,77,1162,0.9091981132075472,0.3988618727366787,0.7768729641693811,137,0,1239,1316,1547,1211
extracted_splink_expanded,risk_1,multilingual,322,154,0.4782608695652174,146,23,153,0.863905325443787,0.4882943143812709,0.7515527950310559,78,2,176,199,268,176
extracted_splink_expanded,risk_1,multi-org,168,41,0.24404761904761904,222,30,252,0.8809523809523809,0.46835443037974683,0.8214285714285714,30,0,282,312,402,278
extracted_splink_expanded,risk_2,all,1104,280,0.2536231884057971,1139,130,1567,0.8975571315996848,0.42091648189209163,0.7762681159420289,245,2,1697,1827,2217,1651
extracted_splink_expanded,risk_2,french,614,85,0.13843648208469056,771,77,1162,0.9091981132075472,0.3988618727366787,0.7768729641693811,137,0,1239,1316,1547,1211
extracted_splink_expanded,risk_2,multilingual,322,154,0.4782608695652174,146,23,153,0.863905325443787,0.4882943143812709,0.7515527950310559,78,2,176,199,268,176
extracted_splink_expanded,risk_2,multi-org,168,41,0.24404761904761904,222,30,252,0.8809523809523809,0.46835443037974683,0.8214285714285714,30,0,282,312,402,278
extracted_splink_expanded,risk_5,all,1104,162,0.14673913043478262,645,54,2061,0.9227467811158798,0.23835920177383593,0.7762681159420289,245,2,2115,2169,2331,2087
extracted_splink_expanded,risk_5,french,614,30,0.048859934853420196,417,40,1516,0.912472647702407,0.2157268494568029,0.7768729641693811,137,0,1556,1596,1716,1532
extracted_splink_expanded,risk_5,multilingual,322,118,0.36645962732919257,97,4,202,0.9603960396039604,0.32441471571906355,0.7515527950310559,78,2,206,210,222,206
extracted_splink_expanded,risk_5,multi-org,168,14,0.08333333333333333,131,10,343,0.9290780141843972,0.27637130801687765,0.8214285714285714,30,0,353,363,393,351
extracted_tree,quality_1,all,1104,45,0.04076086956521739,0,0,2706,,0.0,0.7762681159420289,245,2,2706,2706,2706,2706
extracted_tree,quality_1,french,614,4,0.006514657980456026,0,0,1933,,0.0,0.7768729641693811,137,0,1933,1933,1933,1933
extracted_tree,quality_1,multilingual,322,41,0.12732919254658384,0,0,299,,0.0,0.7515527950310559,78,2,299,299,299,299
extracted_tree,quality_1,multi-org,168,0,0.0,0,0,474,,0.0,0.8214285714285714,30,0,474,474,474,474
extracted_tree,quality_2,all,1104,124,0.11231884057971014,261,19,2445,0.9321428571428572,0.09645232815964523,0.7762681159420289,245,2,2464,2483,2540,2458
extracted_tree,quality_2,french,614,31,0.050488599348534204,150,17,1783,0.8982035928143712,0.0775995861355406,0.7768729641693811,137,0,1800,1817,1868,1794
extracted_tree,quality_2,multilingual,322,88,0.2732919254658385,59,0,240,1.0,0.19732441471571907,0.7515527950310559,78,2,240,240,240,240
extracted_tree,quality_2,multi-org,168,5,0.02976190476190476,52,2,422,0.9629629629629629,0.10970464135021098,0.8214285714285714,30,0,424,426,432,424
extracted_tree,quality_5,all,1104,174,0.15760869565217392,435,35,2271,0.925531914893617,0.1607538802660754,0.7762681159420289,245,2,2306,2341,2446,2296
extracted_tree,quality_5,french,614,39,0.06351791530944625,228,25,1705,0.9011857707509882,0.11795137092602173,0.7768729641693811,137,0,1730,1755,1830,1722
extracted_tree,quality_5,multilingual,322,108,0.33540372670807456,81,4,218,0.9529411764705882,0.2709030100334448,0.7515527950310559,78,2,222,226,238,222
extracted_tree,quality_5,multi-org,168,27,0.16071428571428573,126,6,348,0.9545454545454546,0.26582278481012656,0.8214285714285714,30,0,354,360,378,352
extracted_tree,risk_1,all,1104,298,0.26992753623188404,1094,121,1612,0.9004115226337449,0.4042867701404287,0.7762681159420289,245,2,1733,1854,2217,1669
extracted_tree,risk_1,french,614,86,0.14006514657980457,717,77,1216,0.9030226700251889,0.37092602172788414,0.7768729641693811,137,0,1293,1370,1601,1237
extracted_tree,risk_1,multilingual,322,168,0.5217391304347826,159,17,140,0.9034090909090909,0.5317725752508361,0.7515527950310559,78,2,157,174,225,155
extracted_tree,risk_1,multi-org,168,44,0.2619047619047619,218,27,256,0.889795918367347,0.459915611814346,0.8214285714285714,30,0,283,310,391,279
extracted_tree,risk_2,all,1104,174,0.15760869565217392,435,35,2271,0.925531914893617,0.1607538802660754,0.7762681159420289,245,2,2306,2341,2446,2296
extracted_tree,risk_2,french,614,39,0.06351791530944625,228,25,1705,0.9011857707509882,0.11795137092602173,0.7768729641693811,137,0,1730,1755,1830,1722
extracted_tree,risk_2,multilingual,322,108,0.33540372670807456,81,4,218,0.9529411764705882,0.2709030100334448,0.7515527950310559,78,2,222,226,238,222
extracted_tree,risk_2,multi-org,168,27,0.16071428571428573,126,6,348,0.9545454545454546,0.26582278481012656,0.8214285714285714,30,0,354,360,378,352
extracted_tree,risk_5,all,1104,174,0.15760869565217392,435,35,2271,0.925531914893617,0.1607538802660754,0.7762681159420289,245,2,2306,2341,2446,2296
extracted_tree,risk_5,french,614,39,0.06351791530944625,228,25,1705,0.9011857707509882,0.11795137092602173,0.7768729641693811,137,0,1730,1755,1830,1722
extracted_tree,risk_5,multilingual,322,108,0.33540372670807456,81,4,218,0.9529411764705882,0.2709030100334448,0.7515527950310559,78,2,222,226,238,222
extracted_tree,risk_5,multi-org,168,27,0.16071428571428573,126,6,348,0.9545454545454546,0.26582278481012656,0.8214285714285714,30,0,354,360,378,352
raw_lexical,quality_1,all,1104,234,0.21195652173913043,1730,1750,976,0.49712643678160917,0.639320029563932,1.0,0,0,2726,4476,9726,2666
raw_lexical,quality_1,french,614,57,0.09283387622149837,1213,1245,720,0.4934906427990236,0.627521986549405,1.0,0,0,1965,3210,6945,1917
raw_lexical,quality_1,multilingual,322,143,0.4440993788819876,167,166,132,0.5015015015015015,0.5585284280936454,1.0,0,0,298,464,962,296
raw_lexical,quality_1,multi-org,168,34,0.20238095238095238,350,339,124,0.5079825834542816,0.7383966244725738,1.0,0,0,463,802,1819,459
raw_lexical,quality_2,all,1104,234,0.21195652173913043,1730,1750,976,0.49712643678160917,0.639320029563932,1.0,0,0,2726,4476,9726,2666
raw_lexical,quality_2,french,614,57,0.09283387622149837,1213,1245,720,0.4934906427990236,0.627521986549405,1.0,0,0,1965,3210,6945,1917
raw_lexical,quality_2,multilingual,322,143,0.4440993788819876,167,166,132,0.5015015015015015,0.5585284280936454,1.0,0,0,298,464,962,296
raw_lexical,quality_2,multi-org,168,34,0.20238095238095238,350,339,124,0.5079825834542816,0.7383966244725738,1.0,0,0,463,802,1819,459
raw_lexical,quality_5,all,1104,234,0.21195652173913043,1730,1750,976,0.49712643678160917,0.639320029563932,1.0,0,0,2726,4476,9726,2666
raw_lexical,quality_5,french,614,57,0.09283387622149837,1213,1245,720,0.4934906427990236,0.627521986549405,1.0,0,0,1965,3210,6945,1917
raw_lexical,quality_5,multilingual,322,143,0.4440993788819876,167,166,132,0.5015015015015015,0.5585284280936454,1.0,0,0,298,464,962,296
raw_lexical,quality_5,multi-org,168,34,0.20238095238095238,350,339,124,0.5079825834542816,0.7383966244725738,1.0,0,0,463,802,1819,459
raw_lexical,risk_1,all,1104,234,0.21195652173913043,1731,1750,975,0.4972708991669061,0.6396895787139689,1.0,0,0,2725,4475,9725,2665
raw_lexical,risk_1,french,614,57,0.09283387622149837,1213,1245,720,0.4934906427990236,0.627521986549405,1.0,0,0,1965,3210,6945,1917
raw_lexical,risk_1,multilingual,322,143,0.4440993788819876,167,166,132,0.5015015015015015,0.5585284280936454,1.0,0,0,298,464,962,296
raw_lexical,risk_1,multi-org,168,34,0.20238095238095238,351,339,123,0.508695652173913,0.740506329113924,1.0,0,0,462,801,1818,458
raw_lexical,risk_2,all,1104,234,0.21195652173913043,1731,1750,975,0.4972708991669061,0.6396895787139689,1.0,0,0,2725,4475,9725,2665
raw_lexical,risk_2,french,614,57,0.09283387622149837,1213,1245,720,0.4934906427990236,0.627521986549405,1.0,0,0,1965,3210,6945,1917
raw_lexical,risk_2,multilingual,322,143,0.4440993788819876,167,166,132,0.5015015015015015,0.5585284280936454,1.0,0,0,298,464,962,296
raw_lexical,risk_2,multi-org,168,34,0.20238095238095238,351,339,123,0.508695652173913,0.740506329113924,1.0,0,0,462,801,1818,458
raw_lexical,risk_5,all,1104,234,0.21195652173913043,1731,1750,975,0.4972708991669061,0.6396895787139689,1.0,0,0,2725,4475,9725,2665
raw_lexical,risk_5,french,614,57,0.09283387622149837,1213,1245,720,0.4934906427990236,0.627521986549405,1.0,0,0,1965,3210,6945,1917
raw_lexical,risk_5,multilingual,322,143,0.4440993788819876,167,166,132,0.5015015015015015,0.5585284280936454,1.0,0,0,298,464,962,296
raw_lexical,risk_5,multi-org,168,34,0.20238095238095238,351,339,123,0.508695652173913,0.740506329113924,1.0,0,0,462,801,1818,458
raw_logistic,quality_1,all,1104,65,0.058876811594202896,0,0,2706,,0.0,1.0,0,0,2706,2706,2706,2706
raw_logistic,quality_1,french,614,4,0.006514657980456026,0,0,1933,,0.0,1.0,0,0,1933,1933,1933,1933
raw_logistic,quality_1,multilingual,322,61,0.18944099378881987,0,0,299,,0.0,1.0,0,0,299,299,299,299
raw_logistic,quality_1,multi-org,168,0,0.0,0,0,474,,0.0,1.0,0,0,474,474,474,474
raw_logistic,quality_2,all,1104,65,0.058876811594202896,0,0,2706,,0.0,1.0,0,0,2706,2706,2706,2706
raw_logistic,quality_2,french,614,4,0.006514657980456026,0,0,1933,,0.0,1.0,0,0,1933,1933,1933,1933
raw_logistic,quality_2,multilingual,322,61,0.18944099378881987,0,0,299,,0.0,1.0,0,0,299,299,299,299
raw_logistic,quality_2,multi-org,168,0,0.0,0,0,474,,0.0,1.0,0,0,474,474,474,474
raw_logistic,quality_5,all,1104,118,0.1068840579710145,189,19,2517,0.9086538461538461,0.06984478935698447,1.0,0,0,2536,2555,2612,2528
raw_logistic,quality_5,french,614,33,0.05374592833876222,117,16,1816,0.8796992481203008,0.060527677185721676,1.0,0,0,1832,1848,1896,1824
raw_logistic,quality_5,multilingual,322,84,0.2608695652173913,31,0,268,1.0,0.10367892976588629,1.0,0,0,268,268,268,268
raw_logistic,quality_5,multi-org,168,1,0.005952380952380952,41,3,433,0.9318181818181818,0.08649789029535865,1.0,0,0,436,439,448,436
raw_logistic,risk_1,all,1104,219,0.1983695652173913,914,120,1792,0.8839458413926499,0.3377679231337768,1.0,0,0,1912,2032,2392,1864
raw_logistic,risk_1,french,614,66,0.10749185667752444,621,82,1312,0.883357041251778,0.32126228660113815,1.0,0,0,1394,1476,1722,1350
raw_logistic,risk_1,multilingual,322,125,0.38819875776397517,84,4,215,0.9545454545454546,0.2809364548494983,1.0,0,0,219,223,235,219
raw_logistic,risk_1,multi-org,168,28,0.16666666666666666,209,34,265,0.8600823045267489,0.4409282700421941,1.0,0,0,299,333,435,297
raw_logistic,risk_2,all,1104,181,0.16394927536231885,529,52,2177,0.9104991394148021,0.19549150036954915,1.0,0,0,2229,2281,2437,2201
raw_logistic,risk_2,french,614,53,0.08631921824104234,350,39,1583,0.8997429305912596,0.1810657009829281,1.0,0,0,1622,1661,1778,1596
raw_logistic,risk_2,multilingual,322,110,0.3416149068322981,61,0,238,1.0,0.2040133779264214,1.0,0,0,238,238,238,238
raw_logistic,risk_2,multi-org,168,18,0.10714285714285714,118,13,356,0.9007633587786259,0.2489451476793249,1.0,0,0,369,382,421,369
raw_logistic,risk_5,all,1104,181,0.16394927536231885,529,52,2177,0.9104991394148021,0.19549150036954915,1.0,0,0,2229,2281,2437,2201
raw_logistic,risk_5,french,614,53,0.08631921824104234,350,39,1583,0.8997429305912596,0.1810657009829281,1.0,0,0,1622,1661,1778,1596
raw_logistic,risk_5,multilingual,322,110,0.3416149068322981,61,0,238,1.0,0.2040133779264214,1.0,0,0,238,238,238,238
raw_logistic,risk_5,multi-org,168,18,0.10714285714285714,118,13,356,0.9007633587786259,0.2489451476793249,1.0,0,0,369,382,421,369
raw_matched_logistic,quality_1,all,1104,65,0.058876811594202896,0,0,2706,,0.0,1.0,0,0,2706,2706,2706,2706
raw_matched_logistic,quality_1,french,614,4,0.006514657980456026,0,0,1933,,0.0,1.0,0,0,1933,1933,1933,1933
raw_matched_logistic,quality_1,multilingual,322,61,0.18944099378881987,0,0,299,,0.0,1.0,0,0,299,299,299,299
raw_matched_logistic,quality_1,multi-org,168,0,0.0,0,0,474,,0.0,1.0,0,0,474,474,474,474
raw_matched_logistic,quality_2,all,1104,122,0.1105072463768116,199,21,2507,0.9045454545454545,0.07354028085735403,1.0,0,0,2528,2549,2612,2518
raw_matched_logistic,quality_2,french,614,35,0.057003257328990226,125,17,1808,0.8802816901408451,0.06466632177961718,1.0,0,0,1825,1842,1893,1815
raw_matched_logistic,quality_2,multilingual,322,85,0.2639751552795031,32,0,267,1.0,0.10702341137123746,1.0,0,0,267,267,267,267
raw_matched_logistic,quality_2,multi-org,168,2,0.011904761904761904,42,4,432,0.9130434782608695,0.08860759493670886,1.0,0,0,436,440,452,436
raw_matched_logistic,quality_5,all,1104,122,0.1105072463768116,199,21,2507,0.9045454545454545,0.07354028085735403,1.0,0,0,2528,2549,2612,2518
raw_matched_logistic,quality_5,french,614,35,0.057003257328990226,125,17,1808,0.8802816901408451,0.06466632177961718,1.0,0,0,1825,1842,1893,1815
raw_matched_logistic,quality_5,multilingual,322,85,0.2639751552795031,32,0,267,1.0,0.10702341137123746,1.0,0,0,267,267,267,267
raw_matched_logistic,quality_5,multi-org,168,2,0.011904761904761904,42,4,432,0.9130434782608695,0.08860759493670886,1.0,0,0,436,440,452,436
raw_matched_logistic,risk_1,all,1104,220,0.19927536231884058,936,120,1770,0.8863636363636364,0.3458980044345898,1.0,0,0,1890,2010,2370,1840
raw_matched_logistic,risk_1,french,614,67,0.10912052117263844,637,80,1296,0.8884239888423989,0.3295395757889291,1.0,0,0,1376,1456,1696,1330
raw_matched_logistic,risk_1,multilingual,322,126,0.391304347826087,85,5,214,0.9444444444444444,0.2842809364548495,1.0,0,0,219,224,239,219
raw_matched_logistic,risk_1,multi-org,168,27,0.16071428571428573,214,35,260,0.8594377510040161,0.45147679324894513,1.0,0,0,295,330,435,293
raw_matched_logistic,risk_2,all,1104,220,0.19927536231884058,936,120,1770,0.8863636363636364,0.3458980044345898,1.0,0,0,1890,2010,2370,1840
raw_matched_logistic,risk_2,french,614,67,0.10912052117263844,637,80,1296,0.8884239888423989,0.3295395757889291,1.0,0,0,1376,1456,1696,1330
raw_matched_logistic,risk_2,multilingual,322,126,0.391304347826087,85,5,214,0.9444444444444444,0.2842809364548495,1.0,0,0,219,224,239,219
raw_matched_logistic,risk_2,multi-org,168,27,0.16071428571428573,214,35,260,0.8594377510040161,0.45147679324894513,1.0,0,0,295,330,435,293
raw_matched_logistic,risk_5,all,1104,122,0.1105072463768116,199,21,2507,0.9045454545454545,0.07354028085735403,1.0,0,0,2528,2549,2612,2518
raw_matched_logistic,risk_5,french,614,35,0.057003257328990226,125,17,1808,0.8802816901408451,0.06466632177961718,1.0,0,0,1825,1842,1893,1815
raw_matched_logistic,risk_5,multilingual,322,85,0.2639751552795031,32,0,267,1.0,0.10702341137123746,1.0,0,0,267,267,267,267
raw_matched_logistic,risk_5,multi-org,168,2,0.011904761904761904,42,4,432,0.9130434782608695,0.08860759493670886,1.0,0,0,436,440,452,436
raw_matched_splink_compact,quality_1,all,1104,65,0.058876811594202896,0,0,2706,,0.0,1.0,0,0,2706,2706,2706,2706
raw_matched_splink_compact,quality_1,french,614,4,0.006514657980456026,0,0,1933,,0.0,1.0,0,0,1933,1933,1933,1933
raw_matched_splink_compact,quality_1,multilingual,322,61,0.18944099378881987,0,0,299,,0.0,1.0,0,0,299,299,299,299
raw_matched_splink_compact,quality_1,multi-org,168,0,0.0,0,0,474,,0.0,1.0,0,0,474,474,474,474
raw_matched_splink_compact,quality_2,all,1104,65,0.058876811594202896,0,0,2706,,0.0,1.0,0,0,2706,2706,2706,2706
raw_matched_splink_compact,quality_2,french,614,4,0.006514657980456026,0,0,1933,,0.0,1.0,0,0,1933,1933,1933,1933
raw_matched_splink_compact,quality_2,multilingual,322,61,0.18944099378881987,0,0,299,,0.0,1.0,0,0,299,299,299,299
raw_matched_splink_compact,quality_2,multi-org,168,0,0.0,0,0,474,,0.0,1.0,0,0,474,474,474,474
raw_matched_splink_compact,quality_5,all,1104,220,0.19927536231884058,1125,113,1581,0.9087237479806138,0.4157427937915743,1.0,0,0,1694,1807,2146,1648
raw_matched_splink_compact,quality_5,french,614,78,0.1270358306188925,801,77,1132,0.9123006833712984,0.4143817899637869,1.0,0,0,1209,1286,1517,1169
raw_matched_splink_compact,quality_5,multilingual,322,111,0.3447204968944099,69,1,230,0.9857142857142858,0.23076923076923078,1.0,0,0,231,232,235,231
raw_matched_splink_compact,quality_5,multi-org,168,31,0.18452380952380953,255,35,219,0.8793103448275862,0.5379746835443038,1.0,0,0,254,289,394,250
raw_matched_splink_compact,risk_1,all,1104,230,0.20833333333333334,1146,115,1560,0.908802537668517,0.42350332594235035,1.0,0,0,1675,1790,2135,1631
raw_matched_splink_compact,risk_1,french,614,80,0.13029315960912052,810,78,1123,0.9121621621621622,0.4190377651319193,1.0,0,0,1201,1279,1513,1163
raw_matched_splink_compact,risk_1,multilingual,322,119,0.3695652173913043,77,1,222,0.9871794871794872,0.25752508361204013,1.0,0,0,223,224,227,223
raw_matched_splink_compact,risk_1,multi-org,168,31,0.18452380952380953,259,36,215,0.8779661016949153,0.5464135021097046,1.0,0,0,251,287,395,247
raw_matched_splink_compact,risk_2,all,1104,230,0.20833333333333334,1146,115,1560,0.908802537668517,0.42350332594235035,1.0,0,0,1675,1790,2135,1631
raw_matched_splink_compact,risk_2,french,614,80,0.13029315960912052,810,78,1123,0.9121621621621622,0.4190377651319193,1.0,0,0,1201,1279,1513,1163
raw_matched_splink_compact,risk_2,multilingual,322,119,0.3695652173913043,77,1,222,0.9871794871794872,0.25752508361204013,1.0,0,0,223,224,227,223
raw_matched_splink_compact,risk_2,multi-org,168,31,0.18452380952380953,259,36,215,0.8779661016949153,0.5464135021097046,1.0,0,0,251,287,395,247
raw_matched_splink_compact,risk_5,all,1104,220,0.19927536231884058,1125,113,1581,0.9087237479806138,0.4157427937915743,1.0,0,0,1694,1807,2146,1648
raw_matched_splink_compact,risk_5,french,614,78,0.1270358306188925,801,77,1132,0.9123006833712984,0.4143817899637869,1.0,0,0,1209,1286,1517,1169
raw_matched_splink_compact,risk_5,multilingual,322,111,0.3447204968944099,69,1,230,0.9857142857142858,0.23076923076923078,1.0,0,0,231,232,235,231
raw_matched_splink_compact,risk_5,multi-org,168,31,0.18452380952380953,255,35,219,0.8793103448275862,0.5379746835443038,1.0,0,0,254,289,394,250
raw_matched_splink_expanded,quality_1,all,1104,100,0.09057971014492754,236,13,2470,0.9477911646586346,0.08721359940872137,1.0,0,0,2483,2496,2535,2469
raw_matched_splink_expanded,quality_1,french,614,6,0.009771986970684038,134,8,1799,0.9436619718309859,0.0693222969477496,1.0,0,0,1807,1815,1839,1795
raw_matched_splink_expanded,quality_1,multilingual,322,90,0.2795031055900621,38,0,261,1.0,0.12709030100334448,1.0,0,0,261,261,261,261
raw_matched_splink_expanded,quality_1,multi-org,168,4,0.023809523809523808,64,5,410,0.927536231884058,0.1350210970464135,1.0,0,0,415,420,435,415
raw_matched_splink_expanded,quality_2,all,1104,100,0.09057971014492754,236,13,2470,0.9477911646586346,0.08721359940872137,1.0,0,0,2483,2496,2535,2469
raw_matched_splink_expanded,quality_2,french,614,6,0.009771986970684038,134,8,1799,0.9436619718309859,0.0693222969477496,1.0,0,0,1807,1815,1839,1795
raw_matched_splink_expanded,quality_2,multilingual,322,90,0.2795031055900621,38,0,261,1.0,0.12709030100334448,1.0,0,0,261,261,261,261
raw_matched_splink_expanded,quality_2,multi-org,168,4,0.023809523809523808,64,5,410,0.927536231884058,0.1350210970464135,1.0,0,0,415,420,435,415
raw_matched_splink_expanded,quality_5,all,1104,150,0.1358695652173913,596,69,2110,0.8962406015037594,0.22025129342202512,1.0,0,0,2179,2248,2455,2151
raw_matched_splink_expanded,quality_5,french,614,29,0.04723127035830619,407,45,1526,0.9004424778761062,0.21055354371443352,1.0,0,0,1571,1616,1751,1547
raw_matched_splink_expanded,quality_5,multilingual,322,105,0.32608695652173914,59,0,240,1.0,0.19732441471571907,1.0,0,0,240,240,240,240
raw_matched_splink_expanded,quality_5,multi-org,168,16,0.09523809523809523,130,24,344,0.8441558441558441,0.2742616033755274,1.0,0,0,368,392,464,366
raw_matched_splink_expanded,risk_1,all,1104,150,0.1358695652173913,596,69,2110,0.8962406015037594,0.22025129342202512,1.0,0,0,2179,2248,2455,2151
raw_matched_splink_expanded,risk_1,french,614,29,0.04723127035830619,407,45,1526,0.9004424778761062,0.21055354371443352,1.0,0,0,1571,1616,1751,1547
raw_matched_splink_expanded,risk_1,multilingual,322,105,0.32608695652173914,59,0,240,1.0,0.19732441471571907,1.0,0,0,240,240,240,240
raw_matched_splink_expanded,risk_1,multi-org,168,16,0.09523809523809523,130,24,344,0.8441558441558441,0.2742616033755274,1.0,0,0,368,392,464,366
raw_matched_splink_expanded,risk_2,all,1104,150,0.1358695652173913,596,69,2110,0.8962406015037594,0.22025129342202512,1.0,0,0,2179,2248,2455,2151
raw_matched_splink_expanded,risk_2,french,614,29,0.04723127035830619,407,45,1526,0.9004424778761062,0.21055354371443352,1.0,0,0,1571,1616,1751,1547
raw_matched_splink_expanded,risk_2,multilingual,322,105,0.32608695652173914,59,0,240,1.0,0.19732441471571907,1.0,0,0,240,240,240,240
raw_matched_splink_expanded,risk_2,multi-org,168,16,0.09523809523809523,130,24,344,0.8441558441558441,0.2742616033755274,1.0,0,0,368,392,464,366
raw_matched_splink_expanded,risk_5,all,1104,150,0.1358695652173913,596,69,2110,0.8962406015037594,0.22025129342202512,1.0,0,0,2179,2248,2455,2151
raw_matched_splink_expanded,risk_5,french,614,29,0.04723127035830619,407,45,1526,0.9004424778761062,0.21055354371443352,1.0,0,0,1571,1616,1751,1547
raw_matched_splink_expanded,risk_5,multilingual,322,105,0.32608695652173914,59,0,240,1.0,0.19732441471571907,1.0,0,0,240,240,240,240
raw_matched_splink_expanded,risk_5,multi-org,168,16,0.09523809523809523,130,24,344,0.8441558441558441,0.2742616033755274,1.0,0,0,368,392,464,366
raw_matched_tree,quality_1,all,1104,65,0.058876811594202896,0,0,2706,,0.0,1.0,0,0,2706,2706,2706,2706
raw_matched_tree,quality_1,french,614,4,0.006514657980456026,0,0,1933,,0.0,1.0,0,0,1933,1933,1933,1933
raw_matched_tree,quality_1,multilingual,322,61,0.18944099378881987,0,0,299,,0.0,1.0,0,0,299,299,299,299
raw_matched_tree,quality_1,multi-org,168,0,0.0,0,0,474,,0.0,1.0,0,0,474,474,474,474
raw_matched_tree,quality_2,all,1104,65,0.058876811594202896,0,0,2706,,0.0,1.0,0,0,2706,2706,2706,2706
raw_matched_tree,quality_2,french,614,4,0.006514657980456026,0,0,1933,,0.0,1.0,0,0,1933,1933,1933,1933
raw_matched_tree,quality_2,multilingual,322,61,0.18944099378881987,0,0,299,,0.0,1.0,0,0,299,299,299,299
raw_matched_tree,quality_2,multi-org,168,0,0.0,0,0,474,,0.0,1.0,0,0,474,474,474,474
raw_matched_tree,quality_5,all,1104,141,0.12771739130434784,359,47,2347,0.8842364532019704,0.1326681448632668,1.0,0,0,2394,2441,2582,2380
raw_matched_tree,quality_5,french,614,29,0.04723127035830619,218,34,1715,0.8650793650793651,0.11277806518365235,1.0,0,0,1749,1783,1885,1737
raw_matched_tree,quality_5,multilingual,322,109,0.3385093167701863,62,1,237,0.9841269841269841,0.20735785953177258,1.0,0,0,238,239,242,238
raw_matched_tree,quality_5,multi-org,168,3,0.017857142857142856,79,12,395,0.8681318681318682,0.16666666666666666,1.0,0,0,407,419,455,407
raw_matched_tree,risk_1,all,1104,254,0.23007246376811594,1109,170,1597,0.8670836591086787,0.409830007390983,1.0,0,0,1767,1937,2447,1717
raw_matched_tree,risk_1,french,614,64,0.10423452768729642,737,111,1196,0.8691037735849056,0.3812726332126229,1.0,0,0,1307,1418,1751,1261
raw_matched_tree,risk_1,multilingual,322,155,0.4813664596273292,125,14,174,0.8992805755395683,0.4180602006688963,1.0,0,0,188,202,244,188
raw_matched_tree,risk_1,multi-org,168,35,0.20833333333333334,247,45,227,0.8458904109589042,0.5210970464135021,1.0,0,0,272,317,452,270
raw_matched_tree,risk_2,all,1104,141,0.12771739130434784,359,47,2347,0.8842364532019704,0.1326681448632668,1.0,0,0,2394,2441,2582,2380
raw_matched_tree,risk_2,french,614,29,0.04723127035830619,218,34,1715,0.8650793650793651,0.11277806518365235,1.0,0,0,1749,1783,1885,1737
raw_matched_tree,risk_2,multilingual,322,109,0.3385093167701863,62,1,237,0.9841269841269841,0.20735785953177258,1.0,0,0,238,239,242,238
raw_matched_tree,risk_2,multi-org,168,3,0.017857142857142856,79,12,395,0.8681318681318682,0.16666666666666666,1.0,0,0,407,419,455,407
raw_matched_tree,risk_5,all,1104,141,0.12771739130434784,359,47,2347,0.8842364532019704,0.1326681448632668,1.0,0,0,2394,2441,2582,2380
raw_matched_tree,risk_5,french,614,29,0.04723127035830619,218,34,1715,0.8650793650793651,0.11277806518365235,1.0,0,0,1749,1783,1885,1737
raw_matched_tree,risk_5,multilingual,322,109,0.3385093167701863,62,1,237,0.9841269841269841,0.20735785953177258,1.0,0,0,238,239,242,238
raw_matched_tree,risk_5,multi-org,168,3,0.017857142857142856,79,12,395,0.8681318681318682,0.16666666666666666,1.0,0,0,407,419,455,407
raw_splink_compact,quality_1,all,1104,65,0.058876811594202896,0,0,2706,,0.0,1.0,0,0,2706,2706,2706,2706
raw_splink_compact,quality_1,french,614,4,0.006514657980456026,0,0,1933,,0.0,1.0,0,0,1933,1933,1933,1933
raw_splink_compact,quality_1,multilingual,322,61,0.18944099378881987,0,0,299,,0.0,1.0,0,0,299,299,299,299
raw_splink_compact,quality_1,multi-org,168,0,0.0,0,0,474,,0.0,1.0,0,0,474,474,474,474
raw_splink_compact,quality_2,all,1104,65,0.058876811594202896,0,0,2706,,0.0,1.0,0,0,2706,2706,2706,2706
raw_splink_compact,quality_2,french,614,4,0.006514657980456026,0,0,1933,,0.0,1.0,0,0,1933,1933,1933,1933
raw_splink_compact,quality_2,multilingual,322,61,0.18944099378881987,0,0,299,,0.0,1.0,0,0,299,299,299,299
raw_splink_compact,quality_2,multi-org,168,0,0.0,0,0,474,,0.0,1.0,0,0,474,474,474,474
raw_splink_compact,quality_5,all,1104,65,0.058876811594202896,0,0,2706,,0.0,1.0,0,0,2706,2706,2706,2706
raw_splink_compact,quality_5,french,614,4,0.006514657980456026,0,0,1933,,0.0,1.0,0,0,1933,1933,1933,1933
raw_splink_compact,quality_5,multilingual,322,61,0.18944099378881987,0,0,299,,0.0,1.0,0,0,299,299,299,299
raw_splink_compact,quality_5,multi-org,168,0,0.0,0,0,474,,0.0,1.0,0,0,474,474,474,474
raw_splink_compact,risk_1,all,1104,257,0.23278985507246377,1235,181,1471,0.8721751412429378,0.45639320029563935,1.0,0,0,1652,1833,2376,1606
raw_splink_compact,risk_1,french,614,88,0.14332247557003258,861,125,1072,0.8732251521298174,0.4454216244180031,1.0,0,0,1197,1322,1697,1159
raw_splink_compact,risk_1,multilingual,322,138,0.42857142857142855,99,1,200,0.99,0.3311036789297659,1.0,0,0,201,202,205,201
raw_splink_compact,risk_1,multi-org,168,31,0.18452380952380953,275,55,199,0.8333333333333334,0.580168776371308,1.0,0,0,254,309,474,250
raw_splink_compact,risk_2,all,1104,230,0.20833333333333334,1146,115,1560,0.908802537668517,0.42350332594235035,1.0,0,0,1675,1790,2135,1631
raw_splink_compact,risk_2,french,614,80,0.13029315960912052,810,78,1123,0.9121621621621622,0.4190377651319193,1.0,0,0,1201,1279,1513,1163
raw_splink_compact,risk_2,multilingual,322,119,0.3695652173913043,77,1,222,0.9871794871794872,0.25752508361204013,1.0,0,0,223,224,227,223
raw_splink_compact,risk_2,multi-org,168,31,0.18452380952380953,259,36,215,0.8779661016949153,0.5464135021097046,1.0,0,0,251,287,395,247
raw_splink_compact,risk_5,all,1104,230,0.20833333333333334,1146,115,1560,0.908802537668517,0.42350332594235035,1.0,0,0,1675,1790,2135,1631
raw_splink_compact,risk_5,french,614,80,0.13029315960912052,810,78,1123,0.9121621621621622,0.4190377651319193,1.0,0,0,1201,1279,1513,1163
raw_splink_compact,risk_5,multilingual,322,119,0.3695652173913043,77,1,222,0.9871794871794872,0.25752508361204013,1.0,0,0,223,224,227,223
raw_splink_compact,risk_5,multi-org,168,31,0.18452380952380953,259,36,215,0.8779661016949153,0.5464135021097046,1.0,0,0,251,287,395,247
raw_splink_expanded,quality_1,all,1104,65,0.058876811594202896,0,0,2706,,0.0,1.0,0,0,2706,2706,2706,2706
raw_splink_expanded,quality_1,french,614,4,0.006514657980456026,0,0,1933,,0.0,1.0,0,0,1933,1933,1933,1933
raw_splink_expanded,quality_1,multilingual,322,61,0.18944099378881987,0,0,299,,0.0,1.0,0,0,299,299,299,299
raw_splink_expanded,quality_1,multi-org,168,0,0.0,0,0,474,,0.0,1.0,0,0,474,474,474,474
raw_splink_expanded,quality_2,all,1104,65,0.058876811594202896,0,0,2706,,0.0,1.0,0,0,2706,2706,2706,2706
raw_splink_expanded,quality_2,french,614,4,0.006514657980456026,0,0,1933,,0.0,1.0,0,0,1933,1933,1933,1933
raw_splink_expanded,quality_2,multilingual,322,61,0.18944099378881987,0,0,299,,0.0,1.0,0,0,299,299,299,299
raw_splink_expanded,quality_2,multi-org,168,0,0.0,0,0,474,,0.0,1.0,0,0,474,474,474,474
raw_splink_expanded,quality_5,all,1104,150,0.1358695652173913,599,69,2107,0.8967065868263473,0.221359940872136,1.0,0,0,2176,2245,2452,2148
raw_splink_expanded,quality_5,french,614,29,0.04723127035830619,410,45,1523,0.9010989010989011,0.21210553543714433,1.0,0,0,1568,1613,1748,1544
raw_splink_expanded,quality_5,multilingual,322,105,0.32608695652173914,59,0,240,1.0,0.19732441471571907,1.0,0,0,240,240,240,240
raw_splink_expanded,quality_5,multi-org,168,16,0.09523809523809523,130,24,344,0.8441558441558441,0.2742616033755274,1.0,0,0,368,392,464,366
raw_splink_expanded,risk_1,all,1104,242,0.21920289855072464,1174,204,1532,0.8519593613933236,0.43385070214338506,1.0,0,0,1736,1940,2552,1690
raw_splink_expanded,risk_1,french,614,70,0.11400651465798045,835,133,1098,0.862603305785124,0.4319710294878427,1.0,0,0,1231,1364,1763,1201
raw_splink_expanded,risk_1,multilingual,322,137,0.4254658385093168,106,21,193,0.8346456692913385,0.35451505016722407,1.0,0,0,214,235,298,214
raw_splink_expanded,risk_1,multi-org,168,35,0.20833333333333334,233,50,241,0.823321554770318,0.49156118143459915,1.0,0,0,291,341,491,285
raw_splink_expanded,risk_2,all,1104,150,0.1358695652173913,599,69,2107,0.8967065868263473,0.221359940872136,1.0,0,0,2176,2245,2452,2148
raw_splink_expanded,risk_2,french,614,29,0.04723127035830619,410,45,1523,0.9010989010989011,0.21210553543714433,1.0,0,0,1568,1613,1748,1544
raw_splink_expanded,risk_2,multilingual,322,105,0.32608695652173914,59,0,240,1.0,0.19732441471571907,1.0,0,0,240,240,240,240
raw_splink_expanded,risk_2,multi-org,168,16,0.09523809523809523,130,24,344,0.8441558441558441,0.2742616033755274,1.0,0,0,368,392,464,366
raw_splink_expanded,risk_5,all,1104,150,0.1358695652173913,599,69,2107,0.8967065868263473,0.221359940872136,1.0,0,0,2176,2245,2452,2148
raw_splink_expanded,risk_5,french,614,29,0.04723127035830619,410,45,1523,0.9010989010989011,0.21210553543714433,1.0,0,0,1568,1613,1748,1544
raw_splink_expanded,risk_5,multilingual,322,105,0.32608695652173914,59,0,240,1.0,0.19732441471571907,1.0,0,0,240,240,240,240
raw_splink_expanded,risk_5,multi-org,168,16,0.09523809523809523,130,24,344,0.8441558441558441,0.2742616033755274,1.0,0,0,368,392,464,366
raw_tree,quality_1,all,1104,65,0.058876811594202896,0,0,2706,,0.0,1.0,0,0,2706,2706,2706,2706
raw_tree,quality_1,french,614,4,0.006514657980456026,0,0,1933,,0.0,1.0,0,0,1933,1933,1933,1933
raw_tree,quality_1,multilingual,322,61,0.18944099378881987,0,0,299,,0.0,1.0,0,0,299,299,299,299
raw_tree,quality_1,multi-org,168,0,0.0,0,0,474,,0.0,1.0,0,0,474,474,474,474
raw_tree,quality_2,all,1104,65,0.058876811594202896,0,0,2706,,0.0,1.0,0,0,2706,2706,2706,2706
raw_tree,quality_2,french,614,4,0.006514657980456026,0,0,1933,,0.0,1.0,0,0,1933,1933,1933,1933
raw_tree,quality_2,multilingual,322,61,0.18944099378881987,0,0,299,,0.0,1.0,0,0,299,299,299,299
raw_tree,quality_2,multi-org,168,0,0.0,0,0,474,,0.0,1.0,0,0,474,474,474,474
raw_tree,quality_5,all,1104,141,0.12771739130434784,361,47,2345,0.8848039215686274,0.1334072431633407,1.0,0,0,2392,2439,2580,2378
raw_tree,quality_5,french,614,31,0.050488599348534204,221,34,1712,0.8666666666666667,0.11433005690636316,1.0,0,0,1746,1780,1882,1734
raw_tree,quality_5,multilingual,322,107,0.33229813664596275,60,1,239,0.9836065573770492,0.20066889632107024,1.0,0,0,240,241,244,240
raw_tree,quality_5,multi-org,168,3,0.017857142857142856,80,12,394,0.8695652173913043,0.16877637130801687,1.0,0,0,406,418,454,406
raw_tree,risk_1,all,1104,256,0.2318840579710145,1097,169,1609,0.8665086887835703,0.40539541759053954,1.0,0,0,1778,1947,2454,1722
raw_tree,risk_1,french,614,65,0.10586319218241043,726,111,1207,0.8673835125448028,0.37558199689601657,1.0,0,0,1318,1429,1762,1266
raw_tree,risk_1,multilingual,322,157,0.48757763975155277,126,12,173,0.9130434782608695,0.4214046822742475,1.0,0,0,185,197,233,185
raw_tree,risk_1,multi-org,168,34,0.20238095238095238,245,46,229,0.8419243986254296,0.5168776371308017,1.0,0,0,275,321,459,273
raw_tree,risk_2,all,1104,216,0.1956521739130435,763,77,1943,0.9083333333333333,0.2819660014781966,1.0,0,0,2020,2097,2328,1988
raw_tree,risk_2,french,614,45,0.0732899022801303,479,53,1454,0.900375939849624,0.24780134505949303,1.0,0,0,1507,1560,1719,1477
raw_tree,risk_2,multilingual,322,137,0.4254658385093168,98,5,201,0.9514563106796117,0.3277591973244147,1.0,0,0,206,211,226,206
raw_tree,risk_2,multi-org,168,34,0.20238095238095238,186,19,288,0.9073170731707317,0.3924050632911392,1.0,0,0,307,326,383,307
raw_tree,risk_5,all,1104,141,0.12771739130434784,361,47,2345,0.8848039215686274,0.1334072431633407,1.0,0,0,2392,2439,2580,2378
raw_tree,risk_5,french,614,31,0.050488599348534204,221,34,1712,0.8666666666666667,0.11433005690636316,1.0,0,0,1746,1780,1882,1734
raw_tree,risk_5,multilingual,322,107,0.33229813664596275,60,1,239,0.9836065573770492,0.20066889632107024,1.0,0,0,240,241,244,240
raw_tree,risk_5,multi-org,168,3,0.017857142857142856,80,12,394,0.8695652173913043,0.16877637130801687,1.0,0,0,406,418,454,406
raw_full32_logistic,quality_1,all,1104,77,0.06974637681159421,12,0,2694,1.0,0.004434589800443459,1.0,0,0,2694,2694,2694,2694
raw_full32_logistic,quality_1,french,614,10,0.016286644951140065,6,0,1927,1.0,0.0031039834454216243,1.0,0,0,1927,1927,1927,1927
raw_full32_logistic,quality_1,multilingual,322,67,0.2080745341614907,6,0,293,1.0,0.020066889632107024,1.0,0,0,293,293,293,293
raw_full32_logistic,quality_1,multi-org,168,0,0.0,0,0,474,,0.0,1.0,0,0,474,474,474,474
raw_full32_logistic,quality_2,all,1104,77,0.06974637681159421,12,0,2694,1.0,0.004434589800443459,1.0,0,0,2694,2694,2694,2694
raw_full32_logistic,quality_2,french,614,10,0.016286644951140065,6,0,1927,1.0,0.0031039834454216243,1.0,0,0,1927,1927,1927,1927
raw_full32_logistic,quality_2,multilingual,322,67,0.2080745341614907,6,0,293,1.0,0.020066889632107024,1.0,0,0,293,293,293,293
raw_full32_logistic,quality_2,multi-org,168,0,0.0,0,0,474,,0.0,1.0,0,0,474,474,474,474
raw_full32_logistic,quality_5,all,1104,134,0.1213768115942029,118,2,2588,0.9833333333333333,0.04360679970436068,1.0,0,0,2590,2592,2598,2588
raw_full32_logistic,quality_5,french,614,31,0.050488599348534204,60,1,1873,0.9836065573770492,0.031039834454216243,1.0,0,0,1874,1875,1878,1872
raw_full32_logistic,quality_5,multilingual,322,102,0.3167701863354037,44,0,255,1.0,0.14715719063545152,1.0,0,0,255,255,255,255
raw_full32_logistic,quality_5,multi-org,168,1,0.005952380952380952,14,1,460,0.9333333333333333,0.029535864978902954,1.0,0,0,461,462,465,461
raw_full32_logistic,risk_1,all,1104,223,0.20199275362318841,610,74,2096,0.8918128654970761,0.2254249815225425,1.0,0,0,2170,2244,2466,2136
raw_full32_logistic,risk_1,french,614,53,0.08631921824104234,368,50,1565,0.8803827751196173,0.19037765131919296,1.0,0,0,1615,1665,1815,1585
raw_full32_logistic,risk_1,multilingual,322,158,0.4906832298136646,117,8,182,0.936,0.391304347826087,1.0,0,0,190,198,222,190
raw_full32_logistic,risk_1,multi-org,168,12,0.07142857142857142,125,16,349,0.8865248226950354,0.26371308016877637,1.0,0,0,365,381,429,363
raw_full32_logistic,risk_2,all,1104,223,0.20199275362318841,610,74,2096,0.8918128654970761,0.2254249815225425,1.0,0,0,2170,2244,2466,2136
raw_full32_logistic,risk_2,french,614,53,0.08631921824104234,368,50,1565,0.8803827751196173,0.19037765131919296,1.0,0,0,1615,1665,1815,1585
raw_full32_logistic,risk_2,multilingual,322,158,0.4906832298136646,117,8,182,0.936,0.391304347826087,1.0,0,0,190,198,222,190
raw_full32_logistic,risk_2,multi-org,168,12,0.07142857142857142,125,16,349,0.8865248226950354,0.26371308016877637,1.0,0,0,365,381,429,363
raw_full32_logistic,risk_5,all,1104,134,0.1213768115942029,118,2,2588,0.9833333333333333,0.04360679970436068,1.0,0,0,2590,2592,2598,2588
raw_full32_logistic,risk_5,french,614,31,0.050488599348534204,60,1,1873,0.9836065573770492,0.031039834454216243,1.0,0,0,1874,1875,1878,1872
raw_full32_logistic,risk_5,multilingual,322,102,0.3167701863354037,44,0,255,1.0,0.14715719063545152,1.0,0,0,255,255,255,255
raw_full32_logistic,risk_5,multi-org,168,1,0.005952380952380952,14,1,460,0.9333333333333333,0.029535864978902954,1.0,0,0,461,462,465,461
raw_full32_tree,quality_1,all,1104,65,0.058876811594202896,0,0,2706,,0.0,1.0,0,0,2706,2706,2706,2706
raw_full32_tree,quality_1,french,614,4,0.006514657980456026,0,0,1933,,0.0,1.0,0,0,1933,1933,1933,1933
raw_full32_tree,quality_1,multilingual,322,61,0.18944099378881987,0,0,299,,0.0,1.0,0,0,299,299,299,299
raw_full32_tree,quality_1,multi-org,168,0,0.0,0,0,474,,0.0,1.0,0,0,474,474,474,474
raw_full32_tree,quality_2,all,1104,118,0.1068840579710145,101,1,2605,0.9901960784313726,0.037324464153732445,1.0,0,0,2606,2607,2610,2606
raw_full32_tree,quality_2,french,614,27,0.043973941368078175,55,1,1878,0.9821428571428571,0.028453181583031558,1.0,0,0,1879,1880,1883,1879
raw_full32_tree,quality_2,multilingual,322,90,0.2795031055900621,34,0,265,1.0,0.11371237458193979,1.0,0,0,265,265,265,265
raw_full32_tree,quality_2,multi-org,168,1,0.005952380952380952,12,0,462,1.0,0.02531645569620253,1.0,0,0,462,462,462,462
raw_full32_tree,quality_5,all,1104,172,0.15579710144927536,307,27,2399,0.9191616766467066,0.11345158906134516,1.0,0,0,2426,2453,2534,2414
raw_full32_tree,quality_5,french,614,35,0.057003257328990226,164,22,1769,0.8817204301075269,0.08484221417485774,1.0,0,0,1791,1813,1879,1779
raw_full32_tree,quality_5,multilingual,322,135,0.4192546583850932,89,1,210,0.9888888888888889,0.2976588628762542,1.0,0,0,211,212,215,211
raw_full32_tree,quality_5,multi-org,168,2,0.011904761904761904,54,4,420,0.9310344827586207,0.11392405063291139,1.0,0,0,424,428,440,424
raw_full32_tree,risk_1,all,1104,278,0.25181159420289856,810,96,1896,0.8940397350993378,0.29933481152993346,1.0,0,0,1992,2088,2376,1958
raw_full32_tree,risk_1,french,614,60,0.09771986970684039,465,58,1468,0.8891013384321224,0.2405587170201759,1.0,0,0,1526,1584,1758,1500
raw_full32_tree,risk_1,multilingual,322,180,0.5590062111801242,148,14,151,0.9135802469135802,0.49498327759197325,1.0,0,0,165,179,221,165
raw_full32_tree,risk_1,multi-org,168,38,0.2261904761904762,197,24,277,0.8914027149321267,0.41561181434599154,1.0,0,0,301,325,397,295
raw_full32_tree,risk_2,all,1104,230,0.20833333333333334,610,67,2096,0.9010339734121122,0.2254249815225425,1.0,0,0,2163,2230,2431,2137
raw_full32_tree,risk_2,french,614,45,0.0732899022801303,344,45,1589,0.884318766066838,0.17796171753750648,1.0,0,0,1634,1679,1814,1610
raw_full32_tree,risk_2,multilingual,322,166,0.515527950310559,128,7,171,0.9481481481481482,0.4280936454849498,1.0,0,0,178,185,206,178
raw_full32_tree,risk_2,multi-org,168,19,0.1130952380952381,138,15,336,0.9019607843137255,0.2911392405063291,1.0,0,0,351,366,411,349
raw_full32_tree,risk_5,all,1104,172,0.15579710144927536,307,27,2399,0.9191616766467066,0.11345158906134516,1.0,0,0,2426,2453,2534,2414
raw_full32_tree,risk_5,french,614,35,0.057003257328990226,164,22,1769,0.8817204301075269,0.08484221417485774,1.0,0,0,1791,1813,1879,1779
raw_full32_tree,risk_5,multilingual,322,135,0.4192546583850932,89,1,210,0.9888888888888889,0.2976588628762542,1.0,0,0,211,212,215,211
raw_full32_tree,risk_5,multi-org,168,2,0.011904761904761904,54,4,420,0.9310344827586207,0.11392405063291139,1.0,0,0,424,428,440,424
semantic_selector,fixed,all,1104,651,0.5896739130434783,1989,77,717,0.962729912875121,0.7350332594235033,0.7880434782608695,233,1,794,871,1102,750
semantic_selector,fixed,french,614,324,0.5276872964169381,1386,42,547,0.9705882352941176,0.7170201758923952,0.7785016286644951,136,0,589,631,757,555
semantic_selector,fixed,multilingual,322,232,0.7204968944099379,256,11,43,0.9588014981273408,0.8561872909698997,0.7795031055900621,70,1,54,65,98,54
semantic_selector,fixed,multi-org,168,95,0.5654761904761905,347,24,127,0.9353099730458221,0.7320675105485233,0.8392857142857143,27,0,151,175,247,147
