arm,fp_cost,tp,fp,fn,decision_loss,precision,recall,false_merge_components,false_split_entities,implied_true_pairs,implied_false_pairs,missed_true_cluster_pairs,b_cubed_precision,b_cubed_recall,largest_component
baseline,1,942,0,1,1,1.0,0.9989395546129375,0,0,943,0,0,1.0,1.0,6
baseline,2,942,0,1,1,1.0,0.9989395546129375,0,0,943,0,0,1.0,1.0,6
baseline,5,942,0,1,1,1.0,0.9989395546129375,0,0,943,0,0,1.0,1.0,6
teacher_student,1,922,3,21,24,0.9967567567567568,0.9777306468716861,3,1,940,27,3,0.9902336559908184,0.9979536152796725,9
teacher_student,2,922,3,21,27,0.9967567567567568,0.9777306468716861,3,1,940,27,3,0.9902336559908184,0.9979536152796725,9
teacher_student,5,922,3,21,36,0.9967567567567568,0.9777306468716861,3,1,940,27,3,0.9902336559908184,0.9979536152796725,9
pseudo_student,1,942,3,1,4,0.9968253968253968,0.9989395546129375,3,0,943,14,0,0.9927239654388359,1.0,6
pseudo_student,2,942,3,1,7,0.9968253968253968,0.9989395546129375,3,0,943,14,0,0.9927239654388359,1.0,6
pseudo_student,5,942,3,1,16,0.9968253968253968,0.9989395546129375,3,0,943,14,0,0.9927239654388359,1.0,6
oracle_student,1,942,3,1,4,0.9968253968253968,0.9989395546129375,3,0,943,14,0,0.9927239654388359,1.0,6
oracle_student,2,942,3,1,7,0.9968253968253968,0.9989395546129375,3,0,943,14,0,0.9927239654388359,1.0,6
oracle_student,5,942,3,1,16,0.9968253968253968,0.9989395546129375,3,0,943,14,0,0.9927239654388359,1.0,6
